sequence,segment,representation_id,encoder_target_kbps,bitrate_kbps,duration_s,size_bytes,psnr_y_db,source_file,sha256
tears_of_steel,0,L0,1000,894,1,118424,42.535859,../encoded/full/tears_of_steel/bitrate_001000kbps/segment_0000.266,ddcff713c7eb59539fed83294f9f949c1ea64c29a320475490238e10c4bdff47
tears_of_steel,0,L1,2000,1487,1,191262,44.082438,../encoded/full/tears_of_steel/bitrate_002000kbps/segment_0000.266,715d7811085121c145bb2b81ac8b0ad114f6ecff50694faaaa99e6b25b1f45d2
tears_of_steel,0,L2,4000,2327,1,258408,44.778183,../encoded/full/tears_of_steel/bitrate_004000kbps/segment_0000.266,89f93d48ae426835a0f141638de0bd1dfbe38719f5607b343af98855c3b9660a
tears_of_steel,0,L3,8000,3593,1,358063,45.426015,../encoded/full/tears_of_steel/bitrate_008000kbps/segment_0000.266,a5456cec6c9a15a71cbd3da176578bc7cccc4c99aad04e4e98650a7774f183e5
tears_of_steel,1,L0,1000,894,1,117790,41.665437,../encoded/full/tears_of_steel/bitrate_001000kbps/segment_0001.266,3c6336542ace88c880ad24f8b4044a0b35cb2b98975c839ab9ddc5b70bb12bd8
tears_of_steel,1,L1,2000,1487,1,196920,43.579459,../encoded/full/tears_of_steel/bitrate_002000kbps/segment_0001.266,05ef64c32a0607ea0f55f116face6e8a6eadbaece7bb8871a9d053d71cbdc0ce
tears_of_steel,1,L2,4000,2327,1,285537,44.591106,../encoded/full/tears_of_steel/bitrate_004000kbps/segment_0001.266,4d60d374936f40d541024e22bb6947c3b67ccf9c9c2b51a84b2b7a661a81e8cc
tears_of_steel,1,L3,8000,3593,1,368622,45.190701,../encoded/full/tears_of_steel/bitrate_008000kbps/segment_0001.266,c94db113a90df1e1fa3fdeb762421e6f7a9335bac99154df058952b3c0fed1ed
tears_of_steel,2,L0,1000,894,1,111613,41.918646,../encoded/full/tears_of_steel/bitrate_001000kbps/segment_0002.266,23c60fa81249f5faa38e78bc8e04848691b4bc0c72751379b30c4b4b8633a177
tears_of_steel,2,L1,2000,1487,1,193726,43.931435,../encoded/full/tears_of_steel/bitrate_002000kbps/segment_0002.266,6237a3d762002230e947e9190582d447b42c1c19fd0c97bad79748a1a5067548
tears_of_steel,2,L2,4000,2327,1,272875,44.854935,../encoded/full/tears_of_steel/bitrate_004000kbps/segment_0002.266,574298c7e1dacd31d3ee48330250b459e0ba6f3ce99fff62dceaf2204965d0e5
tears_of_steel,2,L3,8000,3593,1,393726,45.669195,../encoded/full/tears_of_steel/bitrate_008000kbps/segment_0002.266,28b06462ba8a17b1576c7ec827a4861d9fd8bf62c7557811798988399c50bdae
tears_of_steel,3,L0,1000,894,1,110442,42.464796,../encoded/full/tears_of_steel/bitrate_001000kbps/segment_0003.266,f8bbc6e9bd9437258d8803038bae8a53081b40f3943eb75420ec73fddddfbb48
tears_of_steel,3,L1,2000,1487,1,179262,44.297013,../encoded/full/tears_of_steel/bitrate_002000kbps/segment_0003.266,0ebd625fc8bb72cbe4373759f75a6d3ad74f6c7a6608d544c2c6b4b05b1aa137
tears_of_steel,3,L2,4000,2327,1,275772,45.443963,../encoded/full/tears_of_steel/bitrate_004000kbps/segment_0003.266,e51862415b55326931555c26f363dce064493448869d20a0b4c09f2602f9893d
tears_of_steel,3,L3,8000,3593,1,359684,46.022623,../encoded/full/tears_of_steel/bitrate_008000kbps/segment_0003.266,7f39e015c259bdbee3a7112ca00f78b0d1d6d2df820c3f3d27fc70d1e8191634
tears_of_steel,4,L0,1000,894,1,112815,41.394518,../encoded/full/tears_of_steel/bitrate_001000kbps/segment_0004.266,05318e4a3bf21243d4d5c79c754a4930b294fee71137038d65c0704c0b26e080
tears_of_steel,4,L1,2000,1487,1,188118,43.510632,../encoded/full/tears_of_steel/bitrate_002000kbps/segment_0004.266,1fecfd5bc32402e5c5481adab1d884242c030aaa20002576dbe385f105706eba
tears_of_steel,4,L2,4000,2327,1,291889,44.832139,../encoded/full/tears_of_steel/bitrate_004000kbps/segment_0004.266,d061e62c542aec206cb13f39a9c825eeebc80307a72384bb8ec246b17edfc448
tears_of_steel,4,L3,8000,3593,1,383050,45.451064,../encoded/full/tears_of_steel/bitrate_008000kbps/segment_0004.266,0bf6a1af38d19300ef3922db6645c03cd5ab8a828fa680e23b0a342c8d0a934c
tears_of_steel,5,L0,1000,894,1,104474,41.941748,../encoded/full/tears_of_steel/bitrate_001000kbps/segment_0005.266,2c29d8d821d36e6004f69b4f3792f814647decdbcb728b4880c7dd4c92b7b90f
tears_of_steel,5,L1,2000,1487,1,180988,43.940220,../encoded/full/tears_of_steel/bitrate_002000kbps/segment_0005.266,178ed3334aec3ae92c6cf541b8ecafc41509321f51fb63c6f7c44291a0386d96
tears_of_steel,5,L2,4000,2327,1,258805,44.845726,../encoded/full/tears_of_steel/bitrate_004000kbps/segment_0005.266,731827c19ad0228732c796d866503c708f5110d815ad43c2539ffd18946ceb20
tears_of_steel,5,L3,8000,3593,1,390406,45.544921,../encoded/full/tears_of_steel/bitrate_008000kbps/segment_0005.266,59e5f87d84fde47c6bb8fd373a6a2035006b9764cbdd7d748bef799eddaf6358
tears_of_steel,6,L0,1000,894,1,103832,42.860725,../encoded/full/tears_of_steel/bitrate_001000kbps/segment_0006.266,bb3c60d54618983464c6786ebd3b966080086fdf162e4d99243dc5ebef9da765
tears_of_steel,6,L1,2000,1487,1,181986,44.383303,../encoded/full/tears_of_steel/bitrate_002000kbps/segment_0006.266,fb59a903b4255e24ad613c5339abb67d55f763346a448e7047df40529ceb775c
tears_of_steel,6,L2,4000,2327,1,268710,45.131489,../encoded/full/tears_of_steel/bitrate_004000kbps/segment_0006.266,5898b70be61b39afb17c0bc3bcf2f6eacdfde3487d45287530e142f2814f3e35
tears_of_steel,6,L3,8000,3593,1,372799,45.590556,../encoded/full/tears_of_steel/bitrate_008000kbps/segment_0006.266,cb365497ef282a12f3b80b0214fdeed599c4ce785ab09fbe8954df64c00e1c65
tears_of_steel,7,L0,1000,894,1,107186,43.130919,../encoded/full/tears_of_steel/bitrate_001000kbps/segment_0007.266,94060e88ce2f6d84835cc1e9cfa4093896b93597f421fce4a6ce89cd5f70eb89
tears_of_steel,7,L1,2000,1487,1,178772,44.551460,../encoded/full/tears_of_steel/bitrate_002000kbps/segment_0007.266,462f5efcb0c4f2ff2179666a87bfeb8b3231da984bc398e3898c54a11c6b6e50
tears_of_steel,7,L2,4000,2327,1,258027,45.228059,../encoded/full/tears_of_steel/bitrate_004000kbps/segment_0007.266,23062cfd057be4b93cf370c3f9138f3bbf077f236ed7cc239521aeeb4d7db885
tears_of_steel,7,L3,8000,3593,1,362281,45.671116,../encoded/full/tears_of_steel/bitrate_008000kbps/segment_0007.266,68fcf562247c4ac1f9b6aa68b0a5039a7fefb2454fe8f6b096866793ac702c00
tears_of_steel,8,L0,1000,894,1,101343,42.784875,../encoded/full/tears_of_steel/bitrate_001000kbps/segment_0008.266,aff54a07f06f156e421a5a5bae5d289a59ce27277b895513b7e27d88ca7f9146
tears_of_steel,8,L1,2000,1487,1,166593,44.165138,../encoded/full/tears_of_steel/bitrate_002000kbps/segment_0008.266,2e6c48e6878b476b555efbb1312151e2d6ef728deca6dcb607f4c9edd2c160e9
tears_of_steel,8,L2,4000,2327,1,245361,44.908028,../encoded/full/tears_of_steel/bitrate_004000kbps/segment_0008.266,50ba69c0acc871f601039432887d198ce7f6f05a622e94799d56ac4dae2c9c30
tears_of_steel,8,L3,8000,3593,1,341057,45.372362,../encoded/full/tears_of_steel/bitrate_008000kbps/segment_0008.266,ab1beb2bddb2e17d0998ac5b60d439f51626b357415fac27d3936be90444a11a
tears_of_steel,9,L0,1000,894,1,104402,43.047412,../encoded/full/tears_of_steel/bitrate_001000kbps/segment_0009.266,dbc52691282ae929ac9e07a62524a627e11707389acd7ef9e06232dd6467fbb9
tears_of_steel,9,L1,2000,1487,1,181368,44.401646,../encoded/full/tears_of_steel/bitrate_002000kbps/segment_0009.266,5f3bfca818b6ed87b447a46092a5fdfc8b3762993b9651a63a30ac7c54fb445a
tears_of_steel,9,L2,4000,2327,1,240875,44.904583,../encoded/full/tears_of_steel/bitrate_004000kbps/segment_0009.266,c29db4a8d8fc972f59b41cdcf92f85f452b83dbc86abbdef1a7d82117c3f77ec
tears_of_steel,9,L3,8000,3593,1,337619,45.356894,../encoded/full/tears_of_steel/bitrate_008000kbps/segment_0009.266,4f1ba57cc467adc2140144a212915b91d5d4a8e740293a429407cca72b9680d6
tears_of_steel,10,L0,1000,894,1,105678,43.347241,../encoded/full/tears_of_steel/bitrate_001000kbps/segment_0010.266,3701efd0d0e95cee90716db761affc2e52b7c108fdbffaa1190d85da9faeb590
tears_of_steel,10,L1,2000,1487,1,178411,44.621322,../encoded/full/tears_of_steel/bitrate_002000kbps/segment_0010.266,395ebd7987d355bc783808f77e732c5786905c5dc8ce8e3675f1eb1ae0a0d8d7
tears_of_steel,10,L2,4000,2327,1,233971,45.093421,../encoded/full/tears_of_steel/bitrate_004000kbps/segment_0010.266,dba8fb2802b187ba7bdcf1bd09336871eef12052cc8605570a1b64a13e5f2778
tears_of_steel,10,L3,8000,3593,1,385525,45.742073,../encoded/full/tears_of_steel/bitrate_008000kbps/segment_0010.266,e41a66aaf5b9de6e82d9341d0facf551d2d56ca19f4859fde3e76dd407b67e0d
tears_of_steel,11,L0,1000,894,1,110900,43.529320,../encoded/full/tears_of_steel/bitrate_001000kbps/segment_0011.266,e77811ea691407d523e8b9bedf5b1fcf4258ff0345506ebd7fc4b218ef688886
tears_of_steel,11,L1,2000,1487,1,175027,44.558738,../encoded/full/tears_of_steel/bitrate_002000kbps/segment_0011.266,1f58e8194adec4f8da6ec9de7261ed2554cbdb81a7f2593b9175a50ccfb82fda
tears_of_steel,11,L2,4000,2327,1,274323,45.279066,../encoded/full/tears_of_steel/bitrate_004000kbps/segment_0011.266,2711ed38665b277469c35d942c2e24dedc28b1240501cf40de239b300d6bfdbf
tears_of_steel,11,L3,8000,3593,1,390003,45.712471,../encoded/full/tears_of_steel/bitrate_008000kbps/segment_0011.266,69d246746848882743f4fdc9a363d0f52c49b0523f5d809b6ae003fc45bbf7fd
tears_of_steel,12,L0,1000,894,1,112773,44.356355,../encoded/full/tears_of_steel/bitrate_001000kbps/segment_0012.266,2aae8f3862c1cf6f3f7160e423b60de87b36b9b7a31d6b3ee8aea68676261ea0
tears_of_steel,12,L1,2000,1487,1,174248,44.992347,../encoded/full/tears_of_steel/bitrate_002000kbps/segment_0012.266,015af660865ba6399df3a653f9dd949a229e3fc927abf21dc71f8623aee0cc61
tears_of_steel,12,L2,4000,2327,1,265891,45.487301,../encoded/full/tears_of_steel/bitrate_004000kbps/segment_0012.266,85a9379e7dca95d4ae23923165663ec642e3c618b05b5cd3a47b5ad185ca6fe8
tears_of_steel,12,L3,8000,3593,1,526943,46.113516,../encoded/full/tears_of_steel/bitrate_008000kbps/segment_0012.266,11bc0868a20cef6c11885a15ca16a6ae6980c3e0401ac8183c4685d8823a061f
tears_of_steel,13,L0,1000,894,1,108376,44.486137,../encoded/full/tears_of_steel/bitrate_001000kbps/segment_0013.266,ce597665c4572b7f4ebe292c905aaf808f7b3cf2ba7aba359ad6f938c9d858c9
tears_of_steel,13,L1,2000,1487,1,159801,45.056349,../encoded/full/tears_of_steel/bitrate_002000kbps/segment_0013.266,39a2f7ebe89c82ad207ec3a8b239b15f11792314f9fae3b12d8e4144090de80f
tears_of_steel,13,L2,4000,2327,1,291176,45.627008,../encoded/full/tears_of_steel/bitrate_004000kbps/segment_0013.266,a8966a04996188e82bf2c5d806bd2dba51bdc1aacb2d9e7aa286f5c156c51abb
tears_of_steel,13,L3,8000,3593,1,467873,46.051289,../encoded/full/tears_of_steel/bitrate_008000kbps/segment_0013.266,488a29a9ef6f2741d42d71fc85753793a54c30c1a13c3d3e1fe66932002e9fcb
tears_of_steel,14,L0,1000,894,1,109007,43.980063,../encoded/full/tears_of_steel/bitrate_001000kbps/segment_0014.266,2d18190969fa8038014068ead3756873ba0cbde83ee1f5aa15892f0b1460dfcd
tears_of_steel,14,L1,2000,1487,1,173746,44.822145,../encoded/full/tears_of_steel/bitrate_002000kbps/segment_0014.266,c8be5c38db584726a6d21a684025795dade9a027760ab2175b737fc1bfa93bbc
tears_of_steel,14,L2,4000,2327,1,266984,45.376203,../encoded/full/tears_of_steel/bitrate_004000kbps/segment_0014.266,6883ba7dc32b50d17b3f06283ec5a68d2cbfc0fa6c86b0589f2cf38e7e419ee3
tears_of_steel,14,L3,8000,3593,1,413557,45.844408,../encoded/full/tears_of_steel/bitrate_008000kbps/segment_0014.266,1d20ee8162bcab6901104f010a59df8aae3e39511370214dfa34bce055979fa8
tears_of_steel,15,L0,1000,894,1,120110,45.184783,../encoded/full/tears_of_steel/bitrate_001000kbps/segment_0015.266,86d9d924b0ddfa5299093330ba656b0dd30ade88ede175e6abed0f6ea2f8326a
tears_of_steel,15,L1,2000,1487,1,180465,45.867000,../encoded/full/tears_of_steel/bitrate_002000kbps/segment_0015.266,1c27e26c73d56bc31a0e2f1c7bf7f675aaca9a4a93b907a0b8e4ab0df21e6f50
tears_of_steel,15,L2,4000,2327,1,351544,46.811658,../encoded/full/tears_of_steel/bitrate_004000kbps/segment_0015.266,e3f3975e11d1f0565849f789112a00503861fea576bfebb41bf8118ed6f17621
tears_of_steel,15,L3,8000,3593,1,563823,47.513827,../encoded/full/tears_of_steel/bitrate_008000kbps/segment_0015.266,ccd7121c683068afcb48e96641d78b3f9f101f4c4193ed901b8cd97e70c49c9d
tears_of_steel,16,L0,1000,894,1,138282,45.404647,../encoded/full/tears_of_steel/bitrate_001000kbps/segment_0016.266,760fa1f39e91051668bdf22b72ee556fae24d99c2bd8339a0d2dd7189e305d4d
tears_of_steel,16,L1,2000,1487,1,231996,46.282470,../encoded/full/tears_of_steel/bitrate_002000kbps/segment_0016.266,f818ddc7ff1019a7ed99cb9c3014ab5c0b37b58d48ce7731734125977865192e
tears_of_steel,16,L2,4000,2327,1,478199,47.389772,../encoded/full/tears_of_steel/bitrate_004000kbps/segment_0016.266,02be636c8be70cd6b748f4f4662239d1bb04b0a0738669cd515783cb7e9accec
tears_of_steel,16,L3,8000,3593,1,880662,48.529789,../encoded/full/tears_of_steel/bitrate_008000kbps/segment_0016.266,892c0bdd1591a18e101f2bd86e7a1ddc99b358987cde84666035c2a7b7135c2f
tears_of_steel,17,L0,1000,894,1,140548,45.506704,../encoded/full/tears_of_steel/bitrate_001000kbps/segment_0017.266,8e10f5dc46f9b112cac593f9c838ec76d8d887885a5a2c234bac01efaca2ab2e
tears_of_steel,17,L1,2000,1487,1,283592,46.644299,../encoded/full/tears_of_steel/bitrate_002000kbps/segment_0017.266,797d74de9c9f2be1062d1e5c06b0a575cb50f2faacd28b29d3a0538ec575688d
tears_of_steel,17,L2,4000,2327,1,492581,47.492338,../encoded/full/tears_of_steel/bitrate_004000kbps/segment_0017.266,a178188b9ff0f2fc4e3da3b4b10a477d49b55f31855a56cf2902769d0122f0ef
tears_of_steel,17,L3,8000,3593,1,878342,48.558227,../encoded/full/tears_of_steel/bitrate_008000kbps/segment_0017.266,87abfb4dbddafc4115a4fab9b73a8de0a6cd64316ca4995542d560a32d0723a6
tears_of_steel,18,L0,1000,894,1,139446,45.703012,../encoded/full/tears_of_steel/bitrate_001000kbps/segment_0018.266,71f1dd1add22c0390052f54b99fdcfb6a9146cfb7b47ba85a55acf235ee3c4d4
tears_of_steel,18,L1,2000,1487,1,272442,46.700427,../encoded/full/tears_of_steel/bitrate_002000kbps/segment_0018.266,eb135fec92fd7c23965a4093bdf23949b9f2561accebe9eeefe87571d2c09b53
tears_of_steel,18,L2,4000,2327,1,490274,47.616134,../encoded/full/tears_of_steel/bitrate_004000kbps/segment_0018.266,c09b89471db4ed23116a530164359ea1d18fe7040a8865428f6debe0bf6164dc
tears_of_steel,18,L3,8000,3593,1,892469,48.680241,../encoded/full/tears_of_steel/bitrate_008000kbps/segment_0018.266,097cc56a2e695c7f9c6d6ba47d28a1803819b6be3c93babd04303cf028a6e786
tears_of_steel,19,L0,1000,894,1,102299,44.608648,../encoded/full/tears_of_steel/bitrate_001000kbps/segment_0019.266,912621f1a5d20e365a43e436d5f60f531d35ff6de9288297d6655d4155752723
tears_of_steel,19,L1,2000,1487,1,187125,45.788952,../encoded/full/tears_of_steel/bitrate_002000kbps/segment_0019.266,bd843b29dfb94b64cdd07eb3af642b072bbea3c9b3847f7d32cb9905fbb5b658
tears_of_steel,19,L2,4000,2327,1,293883,46.528731,../encoded/full/tears_of_steel/bitrate_004000kbps/segment_0019.266,b1c21fa94562fed40f52ed64e2c6672315304a5d0f72c7c33fc597d409a95e6f
tears_of_steel,19,L3,8000,3593,1,591868,47.736355,../encoded/full/tears_of_steel/bitrate_008000kbps/segment_0019.266,29300f592d4494a324bf734ed09342b854387ebffedc0c2e341c5f9b30062a2c
tears_of_steel,20,L0,1000,894,1,107755,44.602119,../encoded/full/tears_of_steel/bitrate_001000kbps/segment_0020.266,fe683b938c4d0008f020e7083dd499b34e146407e844108ea020328ee311854f
tears_of_steel,20,L1,2000,1487,1,173601,45.236368,../encoded/full/tears_of_steel/bitrate_002000kbps/segment_0020.266,190e9a8350c5bfb898359e3ed20412a035fa530a8f174f0f37e5e60c514179cb
tears_of_steel,20,L2,4000,2327,1,267483,45.739614,../encoded/full/tears_of_steel/bitrate_004000kbps/segment_0020.266,1001d4c70aaf9709c6abb757c0acf3d2cd1ecfdca4db3ca66ab7305854973fb8
tears_of_steel,20,L3,8000,3593,1,538523,46.371452,../encoded/full/tears_of_steel/bitrate_008000kbps/segment_0020.266,2b95f17bff13e889f9954d010fd32ad183c2783ed1e20179fb146b30c37a7d6d
tears_of_steel,21,L0,1000,894,1,107802,44.680838,../encoded/full/tears_of_steel/bitrate_001000kbps/segment_0021.266,6343ba3e70d10bc1f74e5ba09df66c8dd29b5c9507058212a4ebbd7de396b320
tears_of_steel,21,L1,2000,1487,1,180128,45.357989,../encoded/full/tears_of_steel/bitrate_002000kbps/segment_0021.266,ba3e1f28e80d739eeb46d65664270cbc6de9c8e5bf7a4bfa05d5f89e0fb8382e
tears_of_steel,21,L2,4000,2327,1,297381,45.833661,../encoded/full/tears_of_steel/bitrate_004000kbps/segment_0021.266,f3ae0aba5bf8e3384512318e252d4fb00eca038d29313ed0d441abe3fb395455
tears_of_steel,21,L3,8000,3593,1,592088,46.487792,../encoded/full/tears_of_steel/bitrate_008000kbps/segment_0021.266,af6b2f66d91992837b2b76f2f8a875f227f97d47f101af925c91595c9d31da06
tears_of_steel,22,L0,1000,894,1,110533,44.512644,../encoded/full/tears_of_steel/bitrate_001000kbps/segment_0022.266,435f4a1679e5700bc5f5e971bd035a7622cf87adb4ecfed45e7398912f1cfd13
tears_of_steel,22,L1,2000,1487,1,170888,45.105814,../encoded/full/tears_of_steel/bitrate_002000kbps/segment_0022.266,a9da3a0a967b6f6f33031714a4844b6bb21486fc299df6329ad7127cd8a5b12b
tears_of_steel,22,L2,4000,2327,1,272282,45.638292,../encoded/full/tears_of_steel/bitrate_004000kbps/segment_0022.266,d73983ae6dc8f81af718c813fc0dec6c155cd946ad8abcb56d8f234bd4a89a1e
tears_of_steel,22,L3,8000,3593,1,424571,46.063319,../encoded/full/tears_of_steel/bitrate_008000kbps/segment_0022.266,d6b4400159f45bee79417d08316fd6ec879b450edd46fbaf4ca4fc85f1904fce
tears_of_steel,23,L0,1000,894,1,114232,44.108420,../encoded/full/tears_of_steel/bitrate_001000kbps/segment_0023.266,58cfb8d4281c687e8751fd3e19750f0315f9cbffe10b65e74107e4934f2402bc
tears_of_steel,23,L1,2000,1487,1,176802,45.085688,../encoded/full/tears_of_steel/bitrate_002000kbps/segment_0023.266,80bef1d2475b15053a5b3937548f549b4c323d19b268ac15d0289eae48ff5281
tears_of_steel,23,L2,4000,2327,1,251855,45.640297,../encoded/full/tears_of_steel/bitrate_004000kbps/segment_0023.266,a1910703449ad14b706a7e2797d02fda02d67867ac2a7efa900eb5b59591ff7b
tears_of_steel,23,L3,8000,3593,1,351959,46.089985,../encoded/full/tears_of_steel/bitrate_008000kbps/segment_0023.266,bab7f992c7c7aa9aeef042f335951928fd31a5a9108080b7da4979b90989cc3b
tears_of_steel,24,L0,1000,894,1,112923,44.902552,../encoded/full/tears_of_steel/bitrate_001000kbps/segment_0024.266,8923ebd5953c9312d03009b62d7071995d2fa15b252706c9739aebc1065ff11f
tears_of_steel,24,L1,2000,1487,1,168404,45.704334,../encoded/full/tears_of_steel/bitrate_002000kbps/segment_0024.266,17b549428ef5bf795a635c68090efc308923b33fc739c9c3cff6f35940915655
tears_of_steel,24,L2,4000,2327,1,238357,46.188630,../encoded/full/tears_of_steel/bitrate_004000kbps/segment_0024.266,d6ffe7526a4478f720411514ae01d184756f1dbd2e9b967c63561cfd34d8bf32
tears_of_steel,24,L3,8000,3593,1,379562,46.676991,../encoded/full/tears_of_steel/bitrate_008000kbps/segment_0024.266,d343c6d0670685b26b27e630f0e8be8edcbd24a13cdec3c716f2628fe23331f2
tears_of_steel,25,L0,1000,894,1,92182,42.767889,../encoded/full/tears_of_steel/bitrate_001000kbps/segment_0025.266,9bfc8a6ea93469ea6588848c2251f9c35d6a2e7bad97cba059b74bf2cb3560ae
tears_of_steel,25,L1,2000,1487,1,153437,44.643341,../encoded/full/tears_of_steel/bitrate_002000kbps/segment_0025.266,5590acf619f60c45e1a44d8aa0667e6c5a6e8905b0d4d9acacf286abfb2c8ada
tears_of_steel,25,L2,4000,2327,1,239517,45.761570,../encoded/full/tears_of_steel/bitrate_004000kbps/segment_0025.266,1a6e6ef88d314015aabc9c3c89f4e541a758537afc258ad9195a0c98d1fde0ec
tears_of_steel,25,L3,8000,3593,1,326678,46.195347,../encoded/full/tears_of_steel/bitrate_008000kbps/segment_0025.266,8dcaa475ce06a80a334e6bcf606f3d92eaa408ad59a022ba3ba201cef9bc1409
tears_of_steel,26,L0,1000,894,1,101037,44.182970,../encoded/full/tears_of_steel/bitrate_001000kbps/segment_0026.266,d303a17322679b96e5f53b00c142b5724adbbde441b651150b91c62c97158c2e
tears_of_steel,26,L1,2000,1487,1,152344,44.789026,../encoded/full/tears_of_steel/bitrate_002000kbps/segment_0026.266,d4f374741ddb9f7a2c83d51851059b3a9f770f1cce40b89579d4b1f4c8d11c03
tears_of_steel,26,L2,4000,2327,1,222270,45.192557,../encoded/full/tears_of_steel/bitrate_004000kbps/segment_0026.266,1f05fba2ac9361b7a61a1561285a21827886fe4182147871217cd2d9172ba5a1
tears_of_steel,26,L3,8000,3593,1,322530,45.507320,../encoded/full/tears_of_steel/bitrate_008000kbps/segment_0026.266,7c2d58e92316f66243f205a75daf22ed1bd6033a1202f7479108693e167a2478
tears_of_steel,27,L0,1000,894,1,94682,44.171971,../encoded/full/tears_of_steel/bitrate_001000kbps/segment_0027.266,9020c95daa65f493f01c15c48d95dd18340364e1853f4f71989844759df52aa2
tears_of_steel,27,L1,2000,1487,1,154865,44.953026,../encoded/full/tears_of_steel/bitrate_002000kbps/segment_0027.266,a758035e6817d3bee9c8decf087e25f51925d42bea0c8cb7bd5cd0c3b29fd992
tears_of_steel,27,L2,4000,2327,1,212102,45.287281,../encoded/full/tears_of_steel/bitrate_004000kbps/segment_0027.266,1c29f7bb5b17e1b5b949fdf83bdec1d709c9fb628aec21fa70087827d729da86
tears_of_steel,27,L3,8000,3593,1,323212,45.600510,../encoded/full/tears_of_steel/bitrate_008000kbps/segment_0027.266,df9a79f66f8de2bb2353e45c2700f4cd9f78198c0268cb79e82271fab1be7755
tears_of_steel,28,L0,1000,894,1,102203,44.572495,../encoded/full/tears_of_steel/bitrate_001000kbps/segment_0028.266,8ea49d645e7591183137852e18096b5c14b893ff763dff7a57f95e10df8dbc9f
tears_of_steel,28,L1,2000,1487,1,160514,45.151349,../encoded/full/tears_of_steel/bitrate_002000kbps/segment_0028.266,0e4cf9c8ce9c309c1e6a3234f851198d95592c41ba4fb704781df0efab5f9ea3
tears_of_steel,28,L2,4000,2327,1,244044,45.520792,../encoded/full/tears_of_steel/bitrate_004000kbps/segment_0028.266,6f4ce09fb0147789354fbbf26934ecdbfff13597b4a50e4a3ca3ce79c9c091d7
tears_of_steel,28,L3,8000,3593,1,438026,45.896009,../encoded/full/tears_of_steel/bitrate_008000kbps/segment_0028.266,be975bfa1a3334ed82c161e269439f822464088df145969b2cfbf9fd250d73f7
tears_of_steel,29,L0,1000,894,1,96643,44.870277,../encoded/full/tears_of_steel/bitrate_001000kbps/segment_0029.266,7cda523a0d4a9a928dddd4de7cf56a41b02ab12e3fdc5c55a7f885649f8c635e
tears_of_steel,29,L1,2000,1487,1,149323,45.301559,../encoded/full/tears_of_steel/bitrate_002000kbps/segment_0029.266,c40a3aa29a9811516142b47d1fccaa804dd4068d6991adec76c9c30d871d8413
tears_of_steel,29,L2,4000,2327,1,244560,45.646480,../encoded/full/tears_of_steel/bitrate_004000kbps/segment_0029.266,7e71997e1301a886a0ed7179c1354e3dca95b965bb139e585ea707778248f0b2
tears_of_steel,29,L3,8000,3593,1,619701,46.171947,../encoded/full/tears_of_steel/bitrate_008000kbps/segment_0029.266,5fdbeff9e55b7f21c3dac74823b133542b48dd346a6932cc7347a77cb15a2875
tears_of_steel,30,L0,1000,894,1,101892,43.808103,../encoded/full/tears_of_steel/bitrate_001000kbps/segment_0030.266,ccc026a8e52b73b087eb4ef73704703e5f61a4cf1504bcd83166535ecd5a9cc2
tears_of_steel,30,L1,2000,1487,1,162864,44.660353,../encoded/full/tears_of_steel/bitrate_002000kbps/segment_0030.266,63d6df6c3c326ee431c612104c5a63008a9bcfa9074702c047021503407d960e
tears_of_steel,30,L2,4000,2327,1,269548,45.218465,../encoded/full/tears_of_steel/bitrate_004000kbps/segment_0030.266,1986d658f8282a4b4a90e11ff6cdd0f5cbe280c725696b55edce46b00b3846a5
tears_of_steel,30,L3,8000,3593,1,435146,45.610715,../encoded/full/tears_of_steel/bitrate_008000kbps/segment_0030.266,d0413bdca4f70017460921a9cfdf7edb25e2c20c6a2a1bf2d8f67df937236335
tears_of_steel,31,L0,1000,894,1,108666,44.520931,../encoded/full/tears_of_steel/bitrate_001000kbps/segment_0031.266,6b02a832733712120e7768906810747ccfe68cd5e832e9718de936198fb5f748
tears_of_steel,31,L1,2000,1487,1,177031,45.092392,../encoded/full/tears_of_steel/bitrate_002000kbps/segment_0031.266,1b893549aafdd29426d7f99929edaccf4ccc3e1f1f2731b3c00117e81b1fc27b
tears_of_steel,31,L2,4000,2327,1,268814,45.456211,../encoded/full/tears_of_steel/bitrate_004000kbps/segment_0031.266,beae27b5e4b5a28b0e0c57e364633c176c25f53b1be944ac47ae2475e8eb54d7
tears_of_steel,31,L3,8000,3593,1,427628,45.767420,../encoded/full/tears_of_steel/bitrate_008000kbps/segment_0031.266,ef86e541cfe9f01ae1f20823e4fc7d9ebb8e915e4a09d96acd147132d49687ff
tears_of_steel,32,L0,1000,894,1,110496,43.163186,../encoded/full/tears_of_steel/bitrate_001000kbps/segment_0032.266,fe1e53ba8fe858f0ab22e9cc84d744578e4051b2be48f886e140c744f54d16c9
tears_of_steel,32,L1,2000,1487,1,200232,44.129718,../encoded/full/tears_of_steel/bitrate_002000kbps/segment_0032.266,b2aa74fb981514a16a659fba2cbbb5244403a41a4aabf556d78b1f561c01f6cc
tears_of_steel,32,L2,4000,2327,1,310295,44.706365,../encoded/full/tears_of_steel/bitrate_004000kbps/segment_0032.266,e7c456bbb9f3c9f04199804fa2c7373c5e932c6cf886e8553e5d9313be4fd9b8
tears_of_steel,32,L3,8000,3593,1,466913,45.138947,../encoded/full/tears_of_steel/bitrate_008000kbps/segment_0032.266,516e4e968b8a5df34987c9c20b0d010afc304b50cd5da2bb6899d904649af5d7
tears_of_steel,33,L0,1000,894,1,100465,39.649372,../encoded/full/tears_of_steel/bitrate_001000kbps/segment_0033.266,b83e19e3a19bd1841c82175ea1dc4e8e82dfd1891e886a5d1bcc4b689f126cbf
tears_of_steel,33,L1,2000,1487,1,176360,41.451272,../encoded/full/tears_of_steel/bitrate_002000kbps/segment_0033.266,e969662d77d7dd1e37c23d09b19f3a7b7de486ebcd0317b89e61ddb266b05e7c
tears_of_steel,33,L2,4000,2327,1,284300,42.490828,../encoded/full/tears_of_steel/bitrate_004000kbps/segment_0033.266,1aa1f7b46c9e49d5f7e0f3a65e0139e8007a6e981becb5c90313db3f30476920
tears_of_steel,33,L3,8000,3593,1,476556,43.370995,../encoded/full/tears_of_steel/bitrate_008000kbps/segment_0033.266,6c9946d500224b99c1f68a65fb0699eac4f0afd952fcdc27616780ddf9bd112a
tears_of_steel,34,L0,1000,894,1,101003,39.716019,../encoded/full/tears_of_steel/bitrate_001000kbps/segment_0034.266,ffae3217999ee1540bd41d1a83f83a15b2d1a21a45bc5034991872d26f46fd74
tears_of_steel,34,L1,2000,1487,1,179517,41.497060,../encoded/full/tears_of_steel/bitrate_002000kbps/segment_0034.266,d33c00c5ed63220d5bf824b3f7e0bd6208371248bf520256cf01dc55cccdce28
tears_of_steel,34,L2,4000,2327,1,288949,42.581413,../encoded/full/tears_of_steel/bitrate_004000kbps/segment_0034.266,a388f79381f77703c36e2e47d8d206617f4959a78d02690e38f8ae748b879c4e
tears_of_steel,34,L3,8000,3593,1,450155,43.373907,../encoded/full/tears_of_steel/bitrate_008000kbps/segment_0034.266,19c0037cc8aaa90845f127a7a711b9c24d70fb017401a3b848b1b801de3b7946
tears_of_steel,35,L0,1000,894,1,106786,40.134786,../encoded/full/tears_of_steel/bitrate_001000kbps/segment_0035.266,fabe1601fe7ec6907ed05064de2e4e4e80ff230365aea7422a68ea7a77148b10
tears_of_steel,35,L1,2000,1487,1,177580,41.619197,../encoded/full/tears_of_steel/bitrate_002000kbps/segment_0035.266,a432ddfe6b1a1214190064d0a103053e281534127a27046d82f19d854e6f936f
tears_of_steel,35,L2,4000,2327,1,287528,42.679857,../encoded/full/tears_of_steel/bitrate_004000kbps/segment_0035.266,4f66d94bf0ea477e7c8eff9cb5a7773b22b85d96aff5534ad31ea9c174d441ab
tears_of_steel,35,L3,8000,3593,1,404126,43.371767,../encoded/full/tears_of_steel/bitrate_008000kbps/segment_0035.266,09bfc5745374b0305b2589fdf9a5108990bb1e569fdc68717b68c2ec498b25bd
tears_of_steel,36,L0,1000,894,1,104273,40.192833,../encoded/full/tears_of_steel/bitrate_001000kbps/segment_0036.266,6c7e5eafd5c3a39a31ce3912b8c7035ce6dcc2675d7285cb22aafd6223d012d1
tears_of_steel,36,L1,2000,1487,1,168498,41.618005,../encoded/full/tears_of_steel/bitrate_002000kbps/segment_0036.266,2b46572902e9c2bbd322d29b0386ce16ec2f07a9da4360290d3b6b824d2487d0
tears_of_steel,36,L2,4000,2327,1,275509,42.816409,../encoded/full/tears_of_steel/bitrate_004000kbps/segment_0036.266,49f4824b094250669fe9856e62c6f5dd433a143e2e33375f053ada0a68134fdc
tears_of_steel,36,L3,8000,3593,1,397443,43.657868,../encoded/full/tears_of_steel/bitrate_008000kbps/segment_0036.266,8773994b990f186cd9e6b1767ff3439ccfd7db23efb669ace4e45de8d1bfe131
tears_of_steel,37,L0,1000,894,1,103949,40.462696,../encoded/full/tears_of_steel/bitrate_001000kbps/segment_0037.266,795fb4f883cc6a3ca592291e8b1113a8179e6632a6357bf47de51570fca6abef
tears_of_steel,37,L1,2000,1487,1,164845,41.842659,../encoded/full/tears_of_steel/bitrate_002000kbps/segment_0037.266,be5eee52a1e01e486b353b7db66eed12707fd65b4fc2ab09828c653caa93a162
tears_of_steel,37,L2,4000,2327,1,264200,42.940573,../encoded/full/tears_of_steel/bitrate_004000kbps/segment_0037.266,7ffd698f313861c90dff447bc7adc4cfd87c87c65426ca5151b7a74c1d8f0e1e
tears_of_steel,37,L3,8000,3593,1,411187,43.851398,../encoded/full/tears_of_steel/bitrate_008000kbps/segment_0037.266,5ba082f1ae26cd31a4145735c08a145d0cc5bfae76f45b267ed2041a0d94261d
tears_of_steel,38,L0,1000,894,1,115246,38.520112,../encoded/full/tears_of_steel/bitrate_001000kbps/segment_0038.266,d88603c7d7781f01e7df9033f8796c97dab79a7e8d6d21e1abfeb5add81d6b16
tears_of_steel,38,L1,2000,1487,1,201298,41.229073,../encoded/full/tears_of_steel/bitrate_002000kbps/segment_0038.266,5baac10f7bc11c2fadc8efcc466744132058dc5785d8c4b1373d0afb392c5828
tears_of_steel,38,L2,4000,2327,1,315286,43.067902,../encoded/full/tears_of_steel/bitrate_004000kbps/segment_0038.266,499e356a3881e9faa85b9dccfb8a22134434a47300243545ae6308d105dbefd6
tears_of_steel,38,L3,8000,3593,1,433239,44.215085,../encoded/full/tears_of_steel/bitrate_008000kbps/segment_0038.266,e5ac60dc1abb229b4c0559c9e6b29949b04fccc5d88b7525ed0b1b8f8f2732c0
tears_of_steel,39,L0,1000,894,1,122238,40.761488,../encoded/full/tears_of_steel/bitrate_001000kbps/segment_0039.266,8fb7b7c99733eed4fd98d609e1de24010269b5ec63e0e529e2e4daa9ee7b636e
tears_of_steel,39,L1,2000,1487,1,194098,43.527974,../encoded/full/tears_of_steel/bitrate_002000kbps/segment_0039.266,37e19c58306a7b9345f8746393ece244cc1514d70a5c25ee082edb5845313ff6
tears_of_steel,39,L2,4000,2327,1,294217,45.327947,../encoded/full/tears_of_steel/bitrate_004000kbps/segment_0039.266,dcd03e1d0c973eea1f160bb586dee84b0d0dc5c21a312b730d06b8c64a293d8f
tears_of_steel,39,L3,8000,3593,1,372678,46.229549,../encoded/full/tears_of_steel/bitrate_008000kbps/segment_0039.266,a024d068278192443cce1784c8a873e29be2795913398280ab91dc88e72aba75
tears_of_steel,40,L0,1000,894,1,125756,44.371671,../encoded/full/tears_of_steel/bitrate_001000kbps/segment_0040.266,6a41a09a8452229f922a2072a1ba45c0c12e06d56cd8d32d1a7b2bf27b920395
tears_of_steel,40,L1,2000,1487,1,198365,46.614127,../encoded/full/tears_of_steel/bitrate_002000kbps/segment_0040.266,88914cf3370382f446fbac5b19d9c1c6ee4e25b632e6e1729a91e475314e6441
tears_of_steel,40,L2,4000,2327,1,261977,47.609727,../encoded/full/tears_of_steel/bitrate_004000kbps/segment_0040.266,256ed0eda2df2030b248b62b767066a2c675a16a37779316ad27944024f53606
tears_of_steel,40,L3,8000,3593,1,376223,48.507553,../encoded/full/tears_of_steel/bitrate_008000kbps/segment_0040.266,d2ec2662d74c7c5ed3f33308eefab230aeb8bdefc01252369e9e85c6ef971107
tears_of_steel,41,L0,1000,894,1,125197,43.847216,../encoded/full/tears_of_steel/bitrate_001000kbps/segment_0041.266,f0dcdc72b7f4573f2d30b415165562345db799ac2973345e6ba111c09bf42147
tears_of_steel,41,L1,2000,1487,1,194090,46.056190,../encoded/full/tears_of_steel/bitrate_002000kbps/segment_0041.266,24a59ead6e5ba987a4c1a5c42b4ae8869cacd0b70eab024a4bec61005340e5d7
tears_of_steel,41,L2,4000,2327,1,275206,47.177553,../encoded/full/tears_of_steel/bitrate_004000kbps/segment_0041.266,a476c8ab7e5fa4a0504a2762499c17d32421dd96f5fdcefb353ad3f44027722d
tears_of_steel,41,L3,8000,3593,1,351943,47.882330,../encoded/full/tears_of_steel/bitrate_008000kbps/segment_0041.266,06debb4f3baa848134787264301e1235b6d5f4bab757a00b1b3e052abbd9c02a
tears_of_steel,42,L0,1000,894,1,134076,43.508147,../encoded/full/tears_of_steel/bitrate_001000kbps/segment_0042.266,0cd8437513019266a28f733d0911106bb6737da5a47c9eab1150fd9509ed1efd
tears_of_steel,42,L1,2000,1487,1,214218,45.766445,../encoded/full/tears_of_steel/bitrate_002000kbps/segment_0042.266,fbcb80097d5fc7af03d702038a3e5f290e211d45d1984aa8244aa3f33b0717dc
tears_of_steel,42,L2,4000,2327,1,310545,47.041560,../encoded/full/tears_of_steel/bitrate_004000kbps/segment_0042.266,7ae95858d97c1012aee8b93c0378dd226fd87496e01847d7b96d041e978557fa
tears_of_steel,42,L3,8000,3593,1,392133,47.730565,../encoded/full/tears_of_steel/bitrate_008000kbps/segment_0042.266,d9097d54a65d461a277be6157568f2f083f6de603fcaa02d64226ea382e08df8
tears_of_steel,43,L0,1000,894,1,122044,42.709697,../encoded/full/tears_of_steel/bitrate_001000kbps/segment_0043.266,50342ffda69c59e442026d09ac9d5e54e5ad2b943cbcaf68e7bca2053a113fb0
tears_of_steel,43,L1,2000,1487,1,205887,45.170760,../encoded/full/tears_of_steel/bitrate_002000kbps/segment_0043.266,b8381a8239c74c2506e9a8ac171c1220a6ae0e58c20dc857387cd70ff58b9198
tears_of_steel,43,L2,4000,2327,1,316833,46.850586,../encoded/full/tears_of_steel/bitrate_004000kbps/segment_0043.266,6c1365c32144159d46ca0e47612776240990142d77c62248dd0b247a7099a5e7
tears_of_steel,43,L3,8000,3593,1,409832,47.677077,../encoded/full/tears_of_steel/bitrate_008000kbps/segment_0043.266,c27139f1ee6f23bba63740b9a9d1112d50ff51393e6b1d228d5084bafc274d31
tears_of_steel,44,L0,1000,894,1,124421,43.285990,../encoded/full/tears_of_steel/bitrate_001000kbps/segment_0044.266,98a6214126059f322d8c00db694a97fba1a8a40876f980a73f2e4ddee7841880
tears_of_steel,44,L1,2000,1487,1,207373,45.851922,../encoded/full/tears_of_steel/bitrate_002000kbps/segment_0044.266,ec06729d15a3823d3db168728ec00fc774ecffa348d3f60c05952de43ea2455b
tears_of_steel,44,L2,4000,2327,1,279495,46.982585,../encoded/full/tears_of_steel/bitrate_004000kbps/segment_0044.266,f1d2205e8c9c69c73b8912167ed589070bd57585f5f01ad57bfbdd646e49ed6a
tears_of_steel,44,L3,8000,3593,1,360560,47.876853,../encoded/full/tears_of_steel/bitrate_008000kbps/segment_0044.266,258ce9fb18cd3d38cdee4f7f7ade683ffa9456e853590d04b38ed226410a81c8
tears_of_steel,45,L0,1000,894,1,125565,43.747041,../encoded/full/tears_of_steel/bitrate_001000kbps/segment_0045.266,262a90c627ecca29b6651bb43c7d589ca3c64a41fb492799cc827ff4688d3c64
tears_of_steel,45,L1,2000,1487,1,202771,45.915010,../encoded/full/tears_of_steel/bitrate_002000kbps/segment_0045.266,5cac491879bdcca157748a546d6c8cb8a1dbc3454cc97e8d4ed655ba7f294c28
tears_of_steel,45,L2,4000,2327,1,266889,46.918139,../encoded/full/tears_of_steel/bitrate_004000kbps/segment_0045.266,28ae44d8125e931f16f378a7b643e5c7919387a47c3b446871559ddbbe3de504
tears_of_steel,45,L3,8000,3593,1,391677,48.157045,../encoded/full/tears_of_steel/bitrate_008000kbps/segment_0045.266,8b54cfa846709aa4dcc89d262b2e07d73e7e644c7c9f695435f36afc9049ba32
tears_of_steel,46,L0,1000,894,1,125131,42.394352,../encoded/full/tears_of_steel/bitrate_001000kbps/segment_0046.266,cca1f5b1b6ecc42db09da238f29fbb7a0bb5dafe4770841a69cacfe592a2d301
tears_of_steel,46,L1,2000,1487,1,206133,44.807419,../encoded/full/tears_of_steel/bitrate_002000kbps/segment_0046.266,56b772b423b51c3d5d0a32457ca64cfb0106c0f94c7db7b4edb8d436b1e94034
tears_of_steel,46,L2,4000,2327,1,303249,46.281990,../encoded/full/tears_of_steel/bitrate_004000kbps/segment_0046.266,fa87220d144fb1183784fea1f07ef610b094ad5f250b54b175a620d43bdedb88
tears_of_steel,46,L3,8000,3593,1,386727,47.184469,../encoded/full/tears_of_steel/bitrate_008000kbps/segment_0046.266,285d162159de33729d3bf392c6cbcccb8c2621542c55655cd4171aaeca1e7710
tears_of_steel,47,L0,1000,894,1,120354,41.796792,../encoded/full/tears_of_steel/bitrate_001000kbps/segment_0047.266,da1710f607afb000131ff4f8f5e0007ea24b461ecb70047f27b0157288125841
tears_of_steel,47,L1,2000,1487,1,198204,44.288584,../encoded/full/tears_of_steel/bitrate_002000kbps/segment_0047.266,b2cb4adccf01dbcf4040ed6d18357ba4352146effd70751dbcba29ff8724cd70
tears_of_steel,47,L2,4000,2327,1,296370,45.833891,../encoded/full/tears_of_steel/bitrate_004000kbps/segment_0047.266,bb0fbc1f195ad4064b489587c8490e4ce11a316bb69f9b4147059de1abbf5a1e
tears_of_steel,47,L3,8000,3593,1,416042,47.024252,../encoded/full/tears_of_steel/bitrate_008000kbps/segment_0047.266,4b12806218b66b83592c9ddac3836daa66c7d0703d767c01342243136697464c
tears_of_steel,48,L0,1000,894,1,126715,42.184785,../encoded/full/tears_of_steel/bitrate_001000kbps/segment_0048.266,e55fbd566d25bcbd2f9b699199048097342fa43443eb9f58c6cc9dde1573bcb2
tears_of_steel,48,L1,2000,1487,1,207420,44.404093,../encoded/full/tears_of_steel/bitrate_002000kbps/segment_0048.266,84577c9ce95e7d73df075b0117908bd6c06c142e4836bdfb8924f7bb71499048
tears_of_steel,48,L2,4000,2327,1,327396,45.986815,../encoded/full/tears_of_steel/bitrate_004000kbps/segment_0048.266,45f9709255e1f37ad04667a4fc64fb71be444efb993cdc5ba277226f9c84b82e
tears_of_steel,48,L3,8000,3593,1,420949,46.860123,../encoded/full/tears_of_steel/bitrate_008000kbps/segment_0048.266,28942f9cdb90a80922077e293e7237905bd4944696ce699187579260b45c227d
tears_of_steel,49,L0,1000,894,1,124214,41.762050,../encoded/full/tears_of_steel/bitrate_001000kbps/segment_0049.266,3ff982b6d5b72e670f5f95777be50c558a3c5d540b37a8c9406de587f47be5d2
tears_of_steel,49,L1,2000,1487,1,211488,44.074043,../encoded/full/tears_of_steel/bitrate_002000kbps/segment_0049.266,2357b012fe8100e496e52890bc57cfaadd2a4d4a72297cc876b97c78fb2387f7
tears_of_steel,49,L2,4000,2327,1,318190,45.457481,../encoded/full/tears_of_steel/bitrate_004000kbps/segment_0049.266,5ec55d3e4b2e0e9fef3a22505080acf3fc811548d838873d79d18e8e450464aa
tears_of_steel,49,L3,8000,3593,1,477261,46.735813,../encoded/full/tears_of_steel/bitrate_008000kbps/segment_0049.266,c89c7acdf05c80a60195f5f0017a629ea4016d35f3c5cb360597a1cb9afdbc47
tears_of_steel,50,L0,1000,894,1,120569,41.157649,../encoded/full/tears_of_steel/bitrate_001000kbps/segment_0050.266,7698f48f50221fa06d9b4065793782a5ebce12c47f5ce9fb2050c103f98ada57
tears_of_steel,50,L1,2000,1487,1,204323,43.350302,../encoded/full/tears_of_steel/bitrate_002000kbps/segment_0050.266,f2dab840710438c27cb77bb96065487bcd854cf4440eb6a18b53836c06469aa6
tears_of_steel,50,L2,4000,2327,1,313111,44.722020,../encoded/full/tears_of_steel/bitrate_004000kbps/segment_0050.266,2522b6974beaf348ae705fa8687423089a0a1036d3c5b4d272d58deaf11fcf3c
tears_of_steel,50,L3,8000,3593,1,432224,45.781559,../encoded/full/tears_of_steel/bitrate_008000kbps/segment_0050.266,67a5d4fe1ab57726812f7a1d0bf35dbfbcb5dbf959236d9324e64b541720c015
tears_of_steel,51,L0,1000,894,1,117673,40.677461,../encoded/full/tears_of_steel/bitrate_001000kbps/segment_0051.266,4275d5f83aa137a07121520116a4fe9ce874a5e3706ae650e5d2cc3c13b43090
tears_of_steel,51,L1,2000,1487,1,196797,42.742091,../encoded/full/tears_of_steel/bitrate_002000kbps/segment_0051.266,8856a576008b792262017c7de123136a17a59c9b85988d9618eec7d80396f6f1
tears_of_steel,51,L2,4000,2327,1,309320,44.229954,../encoded/full/tears_of_steel/bitrate_004000kbps/segment_0051.266,3c5bd50882d97f97babbc68c99e79e0fd5ab19257921120eb314d990ca57e659
tears_of_steel,51,L3,8000,3593,1,472448,45.673522,../encoded/full/tears_of_steel/bitrate_008000kbps/segment_0051.266,b5536bddfd59822f8c25a59cf897c6d638045580f42afeb0b848324c2938afa5
tears_of_steel,52,L0,1000,894,1,125396,42.033996,../encoded/full/tears_of_steel/bitrate_001000kbps/segment_0052.266,ddcec5a9a9c94123790357174f1703e497904af10c1f571617b93250c2cb0599
tears_of_steel,52,L1,2000,1487,1,188967,43.472576,../encoded/full/tears_of_steel/bitrate_002000kbps/segment_0052.266,324a48b3f1b4afecf0df06cbfd77b62e1c360198a9fafee847ace5b78282a38c
tears_of_steel,52,L2,4000,2327,1,296636,44.405969,../encoded/full/tears_of_steel/bitrate_004000kbps/segment_0052.266,07bec1718ae0e87c3befacbd67e4084d401a812f3876d226c9ff73fb11beae1c
tears_of_steel,52,L3,8000,3593,1,404157,45.013531,../encoded/full/tears_of_steel/bitrate_008000kbps/segment_0052.266,800799d2a5138fcc4a5892ab22a0fd107dd1bff40c395216175531795e6fce5d
tears_of_steel,53,L0,1000,894,1,99961,43.740205,../encoded/full/tears_of_steel/bitrate_001000kbps/segment_0053.266,93478d1f52549edd81feda097a2e505ea2f461096b8a6862f7ffc2369f27f8cb
tears_of_steel,53,L1,2000,1487,1,182511,44.522492,../encoded/full/tears_of_steel/bitrate_002000kbps/segment_0053.266,12276aa094e09a67395860c49a13724b3b74d8b5ddeabdd2f62f6c32b1438e25
tears_of_steel,53,L2,4000,2327,1,319590,45.052537,../encoded/full/tears_of_steel/bitrate_004000kbps/segment_0053.266,de3af22cc183ec4084e2e8547babedcfd7cc34bd4c9c224c6e0eef517c0a6bf4
tears_of_steel,53,L3,8000,3593,1,542306,45.607846,../encoded/full/tears_of_steel/bitrate_008000kbps/segment_0053.266,01274dfcb12c2d915f6016ebe5ac2752b700666a20bd808c0fd400e802a757d6
tears_of_steel,54,L0,1000,894,1,95272,42.920177,../encoded/full/tears_of_steel/bitrate_001000kbps/segment_0054.266,c33e76a9681e2ea2a4d601b636f498c47e08d62966d055902390677affa56f7c
tears_of_steel,54,L1,2000,1487,1,171424,43.883570,../encoded/full/tears_of_steel/bitrate_002000kbps/segment_0054.266,85a516da8dd8690e63d377d0b196243823865b9b174837b2f39d3c6df57037b3
tears_of_steel,54,L2,4000,2327,1,301447,44.462136,../encoded/full/tears_of_steel/bitrate_004000kbps/segment_0054.266,726263a6b27a98932a443f878740bccdda612d4daa543350af112a0accd0a080
tears_of_steel,54,L3,8000,3593,1,499754,44.952584,../encoded/full/tears_of_steel/bitrate_008000kbps/segment_0054.266,e7403e970fa9d6c9dc2a0fa24ed048c1560ad5f8744ece0093eb74a1ab6f0543
tears_of_steel,55,L0,1000,894,1,99667,42.354168,../encoded/full/tears_of_steel/bitrate_001000kbps/segment_0055.266,b43d137832ef7ab8423f93fa6df3473509d4352c0b271d9430054e46e21a9271
tears_of_steel,55,L1,2000,1487,1,174386,43.403361,../encoded/full/tears_of_steel/bitrate_002000kbps/segment_0055.266,e63ff5b93b078ddd8bcf327b9f2aa2cfe1d0079ea54f89398e194e15a28f546d
tears_of_steel,55,L2,4000,2327,1,288029,43.970494,../encoded/full/tears_of_steel/bitrate_004000kbps/segment_0055.266,1d5cf407ff9791f9624218969040d71806ae00956f3ab6dda0364b6ec872231c
tears_of_steel,55,L3,8000,3593,1,475612,44.515667,../encoded/full/tears_of_steel/bitrate_008000kbps/segment_0055.266,f78102af489cac3e557b4dc856ac6687c32be38bdc956368624e2d5da755006c
tears_of_steel,56,L0,1000,894,1,97230,42.218246,../encoded/full/tears_of_steel/bitrate_001000kbps/segment_0056.266,78342b5bdeb480515e7d969a12476db88395670852bb9cb32d808782993f8124
tears_of_steel,56,L1,2000,1487,1,172425,43.127453,../encoded/full/tears_of_steel/bitrate_002000kbps/segment_0056.266,93dcfdcf2bac9093124781fb39f066ec5d1ea5e2599775ae90976c367c7d4753
tears_of_steel,56,L2,4000,2327,1,286414,43.660015,../encoded/full/tears_of_steel/bitrate_004000kbps/segment_0056.266,61d2f08d6315d37ac987075c73992ade899c245fb4d4028d716161a4c9510ccc
tears_of_steel,56,L3,8000,3593,1,495683,44.178796,../encoded/full/tears_of_steel/bitrate_008000kbps/segment_0056.266,eae3a13aa8d37bfce341c9834ad9967d1c3d2c6fa849b27ce25618b8b5c47008
tears_of_steel,57,L0,1000,894,1,101513,41.378182,../encoded/full/tears_of_steel/bitrate_001000kbps/segment_0057.266,5485c76ebeac61236d3ed51f3b9d79d2699220163c71b1ff07de9a7960eaf01e
tears_of_steel,57,L1,2000,1487,1,173745,42.479824,../encoded/full/tears_of_steel/bitrate_002000kbps/segment_0057.266,25e8b00fa0c39db1334cc6a0da60ce56e2ee14b2e4d4b74ce0c4f09a90bd5ea0
tears_of_steel,57,L2,4000,2327,1,305011,43.189294,../encoded/full/tears_of_steel/bitrate_004000kbps/segment_0057.266,69e4db21b5ed0eaafe43e574e6d5fa695e083bec3bee3b510b32342a1144c968
tears_of_steel,57,L3,8000,3593,1,433521,43.667163,../encoded/full/tears_of_steel/bitrate_008000kbps/segment_0057.266,024d67a6751f790903edd25dc32d23986487f48d1304d5faafd87ca338b83690
tears_of_steel,58,L0,1000,894,1,96686,41.839690,../encoded/full/tears_of_steel/bitrate_001000kbps/segment_0058.266,f259f102b2e8787e981337b8856b6c9adfefa9bd7ce4f13974e6a36a88fbd582
tears_of_steel,58,L1,2000,1487,1,163135,42.742905,../encoded/full/tears_of_steel/bitrate_002000kbps/segment_0058.266,1598df0d33a9c71fec6eb7259118de5141b24c0a91eb52fd8038efcca2f39afb
tears_of_steel,58,L2,4000,2327,1,335861,43.558898,../encoded/full/tears_of_steel/bitrate_004000kbps/segment_0058.266,424e3a12ef6459ecd50b5bf0a4dbf2a6fea64a5450557f3e76071461f2a16235
tears_of_steel,58,L3,8000,3593,1,495798,44.071066,../encoded/full/tears_of_steel/bitrate_008000kbps/segment_0058.266,1b595b7f61e9fb1f3b1271cd56eab2bca3d27dafdbf020dbc0b06373e942ec00
tears_of_steel,59,L0,1000,894,1,102572,41.626000,../encoded/full/tears_of_steel/bitrate_001000kbps/segment_0059.266,a9fc6a71f21c0373ce9ad2b5c179a5a7b027ee0c1ba497389647358277cb8db3
tears_of_steel,59,L1,2000,1487,1,181170,42.805693,../encoded/full/tears_of_steel/bitrate_002000kbps/segment_0059.266,bed6bd22a5d021ed765d970c217aa9775ff1430185ffe08f14ebd58b39a0926d
tears_of_steel,59,L2,4000,2327,1,296622,43.496663,../encoded/full/tears_of_steel/bitrate_004000kbps/segment_0059.266,81d38328c8f1d3b94458ce6cc337f20dd3218e709e6361b86dd3abfc653607a0
tears_of_steel,59,L3,8000,3593,1,464004,44.095023,../encoded/full/tears_of_steel/bitrate_008000kbps/segment_0059.266,2498979d0005075c95db0a73061969f211ed3a939fc7e5805b1c8bc774fe7db4
