sequence,segment,bitrate_kbps,duration_s,size_bytes,psnr_y_db,source_file,sha256
big_buck_bunny,0,1000,1,120733,37.995178,../encoded/full/big_buck_bunny/bitrate_001000kbps/segment_0000.266,0ad4afca0dd449cc68439cdd5bbefaf8fe65ef1df3e248f12edafd43a240613f
big_buck_bunny,0,2000,1,220316,40.373377,../encoded/full/big_buck_bunny/bitrate_002000kbps/segment_0000.266,9287808fead79aa302c1ccef913070c25195a5067be93a18796b0e91f85308c6
big_buck_bunny,0,4000,1,399056,42.461292,../encoded/full/big_buck_bunny/bitrate_004000kbps/segment_0000.266,b8a221b96aaeca4f1f39f30ff9270cf5e82d01d3d9eaa1df3698179f27121e9e
big_buck_bunny,0,8000,1,653716,44.055365,../encoded/full/big_buck_bunny/bitrate_008000kbps/segment_0000.266,f6fdeedbe3b1541d524cc456d3039a1bcc45e90ea53c884eb0977827fac6decb
big_buck_bunny,1,1000,1,137580,43.695870,../encoded/full/big_buck_bunny/bitrate_001000kbps/segment_0001.266,0d155f950b8e3c6fd5b9a4b871e097265eb6c07a12df99920b2905eae31f1b1f
big_buck_bunny,1,2000,1,217928,46.393750,../encoded/full/big_buck_bunny/bitrate_002000kbps/segment_0001.266,bd0b42a1f098c2cc08f03bd428140d6eb2298f2bfe9ebd5f2582e41007396dc8
big_buck_bunny,1,4000,1,327622,48.228241,../encoded/full/big_buck_bunny/bitrate_004000kbps/segment_0001.266,1433c14fa57716aa67957956ddf4b098287d14ccfb5a4276b31c9b4c02133f61
big_buck_bunny,1,8000,1,430265,49.261238,../encoded/full/big_buck_bunny/bitrate_008000kbps/segment_0001.266,c03dcb70d8b4b53efbe8650b16fbf46b00be29dba4128c8ffe2419d7cf74c551
big_buck_bunny,2,1000,1,134280,43.864618,../encoded/full/big_buck_bunny/bitrate_001000kbps/segment_0002.266,a3b59d339d956ef9394b2bf0a850fbc2dbfc1e62e27d6937903aec0d58b8b780
big_buck_bunny,2,2000,1,212696,46.383173,../encoded/full/big_buck_bunny/bitrate_002000kbps/segment_0002.266,2ea481d2ed6333d370edacb44bcaef96001a08b55cfa1908426996f848a6e715
big_buck_bunny,2,4000,1,306084,47.981308,../encoded/full/big_buck_bunny/bitrate_004000kbps/segment_0002.266,3c6f9e292c8ea64a5af71251bbbc1381b0e573dfc3d5d775a46bd9db8c34a94a
big_buck_bunny,2,8000,1,404844,49.063346,../encoded/full/big_buck_bunny/bitrate_008000kbps/segment_0002.266,cce7404ce8337caa79f53b8de17c9e2690199cb08c976561bc52c6af46e97448
big_buck_bunny,3,1000,1,157503,43.475626,../encoded/full/big_buck_bunny/bitrate_001000kbps/segment_0003.266,9504600bab210a984586a5a30904b0251f8873747e5f3d04a7806c7a3d865d27
big_buck_bunny,3,2000,1,244423,46.242228,../encoded/full/big_buck_bunny/bitrate_002000kbps/segment_0003.266,38fd4ecc2865f7f879ce0b21128db455d4e250729c75f16c084d052dd7e724da
big_buck_bunny,3,4000,1,368177,48.076165,../encoded/full/big_buck_bunny/bitrate_004000kbps/segment_0003.266,b57ebdb9bf6a8ca09bb066e0583b881b8993fe359ea89a3e7dc7407cb349ad9a
big_buck_bunny,3,8000,1,467230,48.994836,../encoded/full/big_buck_bunny/bitrate_008000kbps/segment_0003.266,66c6ba7ac3395f206feca3d82afd9b6838c33eec8e1d77f7a4d7a05abf0a3bfc
big_buck_bunny,4,1000,1,133905,45.825714,../encoded/full/big_buck_bunny/bitrate_001000kbps/segment_0004.266,2b552b7b88513c46ba55fdbce466a92144925e809af74b1faaf2797ae377aadc
big_buck_bunny,4,2000,1,213476,47.398541,../encoded/full/big_buck_bunny/bitrate_002000kbps/segment_0004.266,6eec37f9a33191e06dbfc1194ad0ae3d6921d0de8d39f3d893e78c64a9e13179
big_buck_bunny,4,4000,1,325248,48.800186,../encoded/full/big_buck_bunny/bitrate_004000kbps/segment_0004.266,572d6e796f7f55e1a4ac9ddfddec46c2d033c3e31912b5ff439db08b65f91deb
big_buck_bunny,4,8000,1,508183,50.133120,../encoded/full/big_buck_bunny/bitrate_008000kbps/segment_0004.266,256e54a066f3261de6061f38be32291c6d23a99ad3b12306e698941ead53b8f7
big_buck_bunny,5,1000,1,120826,45.107122,../encoded/full/big_buck_bunny/bitrate_001000kbps/segment_0005.266,cb35d6b3146caaee94760befe61c16bade831f0b0a36fd6b348a5ece79ed849c
big_buck_bunny,5,2000,1,204560,47.128887,../encoded/full/big_buck_bunny/bitrate_002000kbps/segment_0005.266,2a19dd3c42e6ab02346ddd50bfad4c1231f82b330963258656456c1b8e046add
big_buck_bunny,5,4000,1,289009,48.301898,../encoded/full/big_buck_bunny/bitrate_004000kbps/segment_0005.266,ca6c2aaab413546a4ad74ce16b84b7960dda3a41d00adeb23d9f07331f3c29bd
big_buck_bunny,5,8000,1,401850,49.554323,../encoded/full/big_buck_bunny/bitrate_008000kbps/segment_0005.266,64964cffbad1ea8720f28d802cfeceed1772cddc9b5f21636f2b3559d4ea1a3d
big_buck_bunny,6,1000,1,126610,43.349947,../encoded/full/big_buck_bunny/bitrate_001000kbps/segment_0006.266,42aa5d410fa1b5e05dd61695c728a728dfb51b12a665f8cdda64b071692426de
big_buck_bunny,6,2000,1,221378,45.715326,../encoded/full/big_buck_bunny/bitrate_002000kbps/segment_0006.266,940c80fb2de22184c3b2bbfc98238d776b1e301d2e4bca731e7484e21e27950e
big_buck_bunny,6,4000,1,352454,47.506475,../encoded/full/big_buck_bunny/bitrate_004000kbps/segment_0006.266,364910b0a4bd42b1cdcb2aace11535c952ceac7de9284d93b533169229147563
big_buck_bunny,6,8000,1,482652,48.626724,../encoded/full/big_buck_bunny/bitrate_008000kbps/segment_0006.266,b40363b1a19f5c9428100b8785f521867959201f08a8b3d9f405b6597c5f8a75
big_buck_bunny,7,1000,1,125738,41.255384,../encoded/full/big_buck_bunny/bitrate_001000kbps/segment_0007.266,ba6c574b7cf603c3af4ca95dba33b36482ff2009675a7176839a3e4a93b5f92c
big_buck_bunny,7,2000,1,210807,44.078178,../encoded/full/big_buck_bunny/bitrate_002000kbps/segment_0007.266,e124cf0769d99702eb2bc4bbacad832b69bd4f1196dfdc90424bab39b0dfd744
big_buck_bunny,7,4000,1,341010,46.300163,../encoded/full/big_buck_bunny/bitrate_004000kbps/segment_0007.266,51b7e117d360ecf19880f29219905a8a578a0b6261652b66a3e8233a1933ef9b
big_buck_bunny,7,8000,1,452798,47.468563,../encoded/full/big_buck_bunny/bitrate_008000kbps/segment_0007.266,6becd4f98660e63953f7c3c3c1e7a66e19040c30cf082ed4ebddfde6abfd21a2
big_buck_bunny,8,1000,1,125346,43.246060,../encoded/full/big_buck_bunny/bitrate_001000kbps/segment_0008.266,dfe8b632ad8932eeb4b51ed64f2afcba4d7655e8a49e6c4dc67a86bb7c412daa
big_buck_bunny,8,2000,1,204542,45.684796,../encoded/full/big_buck_bunny/bitrate_002000kbps/segment_0008.266,67144a35010c5238786fae447844f243a6328449c92f82aafdf2825f05a2a839
big_buck_bunny,8,4000,1,302160,47.384617,../encoded/full/big_buck_bunny/bitrate_004000kbps/segment_0008.266,3907cc6d3e184f03e78f5cf8ddae891ad6c89a1d151874b91e869f8b4f2c9b03
big_buck_bunny,8,8000,1,405070,48.538412,../encoded/full/big_buck_bunny/bitrate_008000kbps/segment_0008.266,5c0ffc8577ce4b1c5cef7193d718c0978c33cfb5f0aba50972965c5b369f223a
big_buck_bunny,9,1000,1,128391,44.225595,../encoded/full/big_buck_bunny/bitrate_001000kbps/segment_0009.266,b9e31bd60f11d79960cc82de7d6658d24ed9ff3fd91357fb86ec4a5bf4840ad8
big_buck_bunny,9,2000,1,198473,46.271479,../encoded/full/big_buck_bunny/bitrate_002000kbps/segment_0009.266,9e2ad070f46a1f09c049bf4942628e9165fa73652bb532bf4d1e3aa5231fbecc
big_buck_bunny,9,4000,1,296765,47.877436,../encoded/full/big_buck_bunny/bitrate_004000kbps/segment_0009.266,15c9ca485cccf4f63fb772f041e9b6f8c6805e534be1743c16337460fd1fb23e
big_buck_bunny,9,8000,1,381083,48.837893,../encoded/full/big_buck_bunny/bitrate_008000kbps/segment_0009.266,860c22048db89e431721483b2fb42f1d0c49c6a8c08e576d56544e25b477a599
big_buck_bunny,10,1000,1,121800,43.415592,../encoded/full/big_buck_bunny/bitrate_001000kbps/segment_0010.266,6bd4c24d485ceeb542119a229ec955893b6ebf2b5ec720f0600f805c8c65315a
big_buck_bunny,10,2000,1,200412,45.888587,../encoded/full/big_buck_bunny/bitrate_002000kbps/segment_0010.266,04fcf931d7effccbc25f87f5cb03836c3698a5cccb6fb5a4095bc69bcd9cc30f
big_buck_bunny,10,4000,1,301579,47.597195,../encoded/full/big_buck_bunny/bitrate_004000kbps/segment_0010.266,88069745227a42ec03b03640b750bf5f0018eacae51ccf1d1bea44d241fc7325
big_buck_bunny,10,8000,1,400576,48.716780,../encoded/full/big_buck_bunny/bitrate_008000kbps/segment_0010.266,02cba262b7563fcc87c213f07d1827dc77694174319226e609b850e6bc8dd85c
big_buck_bunny,11,1000,1,132864,43.171488,../encoded/full/big_buck_bunny/bitrate_001000kbps/segment_0011.266,a36249bf41af44fa5e8a24a5dca79ee18cab51f61f99fb177cf9eeedd1b27646
big_buck_bunny,11,2000,1,218094,45.942788,../encoded/full/big_buck_bunny/bitrate_002000kbps/segment_0011.266,6d5642f31cebaafda70fafafb892bef5e16be17ec68199172bff831ac309b5b9
big_buck_bunny,11,4000,1,311939,47.378855,../encoded/full/big_buck_bunny/bitrate_004000kbps/segment_0011.266,3a002cc9a7abe2aaa947406aaf2e5d3112821efea25b9496ed78ce0d0dcfe003
big_buck_bunny,11,8000,1,417390,48.519557,../encoded/full/big_buck_bunny/bitrate_008000kbps/segment_0011.266,53229c582c90b87187212bedd327ae590b77b19bd182fea93d0ab2372e1aea3e
big_buck_bunny,12,1000,1,133940,43.927013,../encoded/full/big_buck_bunny/bitrate_001000kbps/segment_0012.266,a483ddb241856d3987d38bab9577ce0fe572dfdab28dd5452d100a1be76798fd
big_buck_bunny,12,2000,1,207533,46.128724,../encoded/full/big_buck_bunny/bitrate_002000kbps/segment_0012.266,7b645be524a9f77b302a8b79cda7a48ad62b25f81d0a80770dcf467166cfd223
big_buck_bunny,12,4000,1,301154,47.595147,../encoded/full/big_buck_bunny/bitrate_004000kbps/segment_0012.266,c3c00931792a79f93bd00311b941c0b2f58fcfc47849f6e1f5ea5e8671dac08c
big_buck_bunny,12,8000,1,438702,49.044092,../encoded/full/big_buck_bunny/bitrate_008000kbps/segment_0012.266,3926e0a1f77ab05715019f9ccb2d1b2988bea1ebda5248ae34da3fe845066fce
big_buck_bunny,13,1000,1,120757,42.152137,../encoded/full/big_buck_bunny/bitrate_001000kbps/segment_0013.266,c21579aab55a42e3da895a64b68f79e4ba78374b1439e8670f68176246e74be2
big_buck_bunny,13,2000,1,206735,44.828235,../encoded/full/big_buck_bunny/bitrate_002000kbps/segment_0013.266,f393071930dac0af12f31cb7b0b8584743a2c1e19a79ec2f944de99d6b3de290
big_buck_bunny,13,4000,1,318045,46.639476,../encoded/full/big_buck_bunny/bitrate_004000kbps/segment_0013.266,22bd415c7068f0a2c089affc3686fa103449cc6ba5efb436dcc2241a20620334
big_buck_bunny,13,8000,1,450043,48.048083,../encoded/full/big_buck_bunny/bitrate_008000kbps/segment_0013.266,8ce5be06640b59852a9f821c32bc9b50d3d003c3bbf5b9f15486ef3f25d17c10
big_buck_bunny,14,1000,1,120003,42.055272,../encoded/full/big_buck_bunny/bitrate_001000kbps/segment_0014.266,96571d8885645956ee04ae3be7fb3022a9d4724a2c845c6aaf1ceb1a08d2fbd2
big_buck_bunny,14,2000,1,200417,44.731385,../encoded/full/big_buck_bunny/bitrate_002000kbps/segment_0014.266,00096a7d58cef781fa01d407a62417cb4c17c12ffab6c45d94be33bd13924a9e
big_buck_bunny,14,4000,1,319764,46.741908,../encoded/full/big_buck_bunny/bitrate_004000kbps/segment_0014.266,e61d38128394f19f440597be7d07b197d46916e1bd485259be61658539521511
big_buck_bunny,14,8000,1,449725,48.147715,../encoded/full/big_buck_bunny/bitrate_008000kbps/segment_0014.266,9daaf71ac3a33fc549da7be925928630ed2fddb25103e2b55b26825d55bb620a
big_buck_bunny,15,1000,1,123709,41.860656,../encoded/full/big_buck_bunny/bitrate_001000kbps/segment_0015.266,8c10349a2bf99122c03449dd5d984dc0dc193bfef317989ae760bf5be07945fe
big_buck_bunny,15,2000,1,207860,44.580338,../encoded/full/big_buck_bunny/bitrate_002000kbps/segment_0015.266,dacba54390db7c92e58287a778be5be76762e18ea66db17bee521b267431cb29
big_buck_bunny,15,4000,1,319510,46.482005,../encoded/full/big_buck_bunny/bitrate_004000kbps/segment_0015.266,40b252c3c7d5dff01380b99afec6060276a3ca60dbc286a6ba3ba39c2861af5a
big_buck_bunny,15,8000,1,451066,47.909907,../encoded/full/big_buck_bunny/bitrate_008000kbps/segment_0015.266,af82fa697468e57d56e23a80e99c3bcf3c1b42aa92e168325d0371ac78b30c9a
big_buck_bunny,16,1000,1,121911,42.324917,../encoded/full/big_buck_bunny/bitrate_001000kbps/segment_0016.266,24ccbf63b2693edaa6fc7472ae6921db70612ad678c59f066af98d219bbf597d
big_buck_bunny,16,2000,1,202582,45.005675,../encoded/full/big_buck_bunny/bitrate_002000kbps/segment_0016.266,31d0a97a751ac423bdda43ebe8de2824866c1ecbbd9f942f13aa8bfe214d6e52
big_buck_bunny,16,4000,1,317457,46.869612,../encoded/full/big_buck_bunny/bitrate_004000kbps/segment_0016.266,3b735171b9d08ee03bfe3244861fdc96d444cd72a4727d95d8b2f92394c09377
big_buck_bunny,16,8000,1,427673,48.025482,../encoded/full/big_buck_bunny/bitrate_008000kbps/segment_0016.266,c714d1ec23889fd57016744084a1f01bc5227dc3e5a9c35c656957595ab43c8e
big_buck_bunny,17,1000,1,118340,42.325317,../encoded/full/big_buck_bunny/bitrate_001000kbps/segment_0017.266,74f00e9d825bf54c6c2a5e55286b63d200564f3916449bc342b27d8966bd7746
big_buck_bunny,17,2000,1,201485,45.040895,../encoded/full/big_buck_bunny/bitrate_002000kbps/segment_0017.266,a701b0c7ddcd3d400b1323dd92b47b8d3b4a49804158fca46548693d8a4f823c
big_buck_bunny,17,4000,1,315577,46.915994,../encoded/full/big_buck_bunny/bitrate_004000kbps/segment_0017.266,f4e3f2e7f51242caa14a7758cab06931d10b53726b026fb8df1345f63d95b42f
big_buck_bunny,17,8000,1,422885,48.114787,../encoded/full/big_buck_bunny/bitrate_008000kbps/segment_0017.266,07a189afdadac47b975e85e08b6b039d6d036acdfdd49064d23115f69779bf16
big_buck_bunny,18,1000,1,122435,40.819413,../encoded/full/big_buck_bunny/bitrate_001000kbps/segment_0018.266,002018394fefa39908a55afa3f8cd89cc04d4962fa9475331f053a1cfba4b48f
big_buck_bunny,18,2000,1,204891,43.914214,../encoded/full/big_buck_bunny/bitrate_002000kbps/segment_0018.266,84dd46ddc02cce8d0b1af9a0fffc1757437db8ea39aeee1bbdff94a69f5cf642
big_buck_bunny,18,4000,1,319411,45.990118,../encoded/full/big_buck_bunny/bitrate_004000kbps/segment_0018.266,1ac60f154537f6a94efa6557614aa1f8a1c4690750071a59e8c7ba9bb2e93f89
big_buck_bunny,18,8000,1,432354,47.372123,../encoded/full/big_buck_bunny/bitrate_008000kbps/segment_0018.266,5cc92310025eb677ec39075ea8708b027c25a5d38048a914a5c869690121335f
big_buck_bunny,19,1000,1,122890,41.240156,../encoded/full/big_buck_bunny/bitrate_001000kbps/segment_0019.266,584ba08ef7dc4c35763f504ad772b6dd42954e2df6745f535ff3d32e43ff59c3
big_buck_bunny,19,2000,1,201996,44.064982,../encoded/full/big_buck_bunny/bitrate_002000kbps/segment_0019.266,86d697ace5aae1d597289f3c2807c067299d3aafcad1fad18637a2905ebd41cc
big_buck_bunny,19,4000,1,338830,46.521328,../encoded/full/big_buck_bunny/bitrate_004000kbps/segment_0019.266,8ea0aff5efb6cf00a74c77211970952f408bad2e6633045ca06241f609592d3a
big_buck_bunny,19,8000,1,429389,47.586744,../encoded/full/big_buck_bunny/bitrate_008000kbps/segment_0019.266,31ad6a280a27662212569debf96b969da3c39279c120513cca32b4a685458134
big_buck_bunny,20,1000,1,119900,41.256140,../encoded/full/big_buck_bunny/bitrate_001000kbps/segment_0020.266,ba01134a832b8f6ebe51a37023114b9e410fd774c6edc6b6d639ec0fea5fd8d8
big_buck_bunny,20,2000,1,200275,44.082214,../encoded/full/big_buck_bunny/bitrate_002000kbps/segment_0020.266,735d14f6133cb2c53dd8343c787c0545dfdadd92bd54551089b67427dd9f4d15
big_buck_bunny,20,4000,1,322981,46.190324,../encoded/full/big_buck_bunny/bitrate_004000kbps/segment_0020.266,45dcc21cb82b9b5e050d14b2461ad7c5ec3fed60c2c412c3facbb07760d84d67
big_buck_bunny,20,8000,1,452994,47.699126,../encoded/full/big_buck_bunny/bitrate_008000kbps/segment_0020.266,dee5b5a6bb578d261f9d78c38c261d046aa01154a7c86bcb38177f5d4e47b5a4
big_buck_bunny,21,1000,1,120825,43.110835,../encoded/full/big_buck_bunny/bitrate_001000kbps/segment_0021.266,00941148d51e096881282f1a3049e1463ac67a41dec1f20c735a390e093ac9b6
big_buck_bunny,21,2000,1,199126,45.573382,../encoded/full/big_buck_bunny/bitrate_002000kbps/segment_0021.266,1ccd44fcf44eb6ff2eea0be700a2d182d004cc3a19f69b803fb539490e9201d8
big_buck_bunny,21,4000,1,290195,47.147981,../encoded/full/big_buck_bunny/bitrate_004000kbps/segment_0021.266,8253b817a5040523d254cae60b1b816894bd304ac0ff7bc90640e416173b62f0
big_buck_bunny,21,8000,1,412057,48.492849,../encoded/full/big_buck_bunny/bitrate_008000kbps/segment_0021.266,54cec2b3fd45837dfa564e956615820ae2fe89404b9ed8558b69e1dc8800c684
big_buck_bunny,22,1000,1,120762,41.412138,../encoded/full/big_buck_bunny/bitrate_001000kbps/segment_0022.266,fc33df1d6078f5c52324c922779d940a8a9718231f7ec3d9318506ca99ea16c4
big_buck_bunny,22,2000,1,212089,44.359262,../encoded/full/big_buck_bunny/bitrate_002000kbps/segment_0022.266,0d59887d17ed7a0c65a4fccb77a496572d07a2a83319cbdd0edd3ed6be876f55
big_buck_bunny,22,4000,1,349627,46.748339,../encoded/full/big_buck_bunny/bitrate_004000kbps/segment_0022.266,8f28601cb7cefd57b3ea758d310c8e9d1162ce2c0d36b1bb0b1c19d5d2f69457
big_buck_bunny,22,8000,1,449568,47.808081,../encoded/full/big_buck_bunny/bitrate_008000kbps/segment_0022.266,3393f848d560c0affd0d5100edd25506c073f12186ed718831b62a1eef040d32
big_buck_bunny,23,1000,1,131603,42.934319,../encoded/full/big_buck_bunny/bitrate_001000kbps/segment_0023.266,1c91a9aa3cbb5f3c66dd835a71e7ce5071f7ede2d0ad83611207c4fc1a7769ef
big_buck_bunny,23,2000,1,216360,45.841315,../encoded/full/big_buck_bunny/bitrate_002000kbps/segment_0023.266,b3d3e1e11a3027ad128203a8dda5426274ba22908b43335c506d2bf00028eb51
big_buck_bunny,23,4000,1,323829,47.661511,../encoded/full/big_buck_bunny/bitrate_004000kbps/segment_0023.266,e75a7b18c78888dc794902820450a6a648240cafd5a4442da352bca5b83810b4
big_buck_bunny,23,8000,1,457817,48.995442,../encoded/full/big_buck_bunny/bitrate_008000kbps/segment_0023.266,d66e206dadd564f4ec8e04dad1300567c27ccdd159385715b4d17dbfb6b0b06e
big_buck_bunny,24,1000,1,134628,44.238314,../encoded/full/big_buck_bunny/bitrate_001000kbps/segment_0024.266,58a7ad0bdf0344f0b2b752617c941fe71a1d38765f9fd70ac2ea3234701fc1cf
big_buck_bunny,24,2000,1,211930,46.589638,../encoded/full/big_buck_bunny/bitrate_002000kbps/segment_0024.266,ce8d37782c5a5d679e009463fe03fe1e5ea15476eab049eda4b56332a89e4912
big_buck_bunny,24,4000,1,287551,47.963490,../encoded/full/big_buck_bunny/bitrate_004000kbps/segment_0024.266,3df5506f6bf4d84ca596c72c6b288e12a7d098e1bf722760ca3e2510eadf5770
big_buck_bunny,24,8000,1,397813,49.237088,../encoded/full/big_buck_bunny/bitrate_008000kbps/segment_0024.266,744611a59e0209ee4dd4232c7b542d4e7a2a2ac5c234b95c47012b6f63ded606
big_buck_bunny,25,1000,1,129663,44.478870,../encoded/full/big_buck_bunny/bitrate_001000kbps/segment_0025.266,b9810d08effe7a40b556413a5b3dd1a4e6d6b1777b5018cc217b34334bd53351
big_buck_bunny,25,2000,1,193529,46.503221,../encoded/full/big_buck_bunny/bitrate_002000kbps/segment_0025.266,ba65c2c157bf8778d291518a38a4092d9a8e8e30c3320ee149729f8149b34b8d
big_buck_bunny,25,4000,1,275374,48.087874,../encoded/full/big_buck_bunny/bitrate_004000kbps/segment_0025.266,ba63c3bd8d3ecf6f1d1aa4b1aabb94ca490406e90d392700ae9f3cc16a523fdf
big_buck_bunny,25,8000,1,384492,49.390674,../encoded/full/big_buck_bunny/bitrate_008000kbps/segment_0025.266,0c764ee7ce0c8a1bc555c71e9a87c250cb6f32690884e66c2493f3c78210b233
big_buck_bunny,26,1000,1,139819,37.144084,../encoded/full/big_buck_bunny/bitrate_001000kbps/segment_0026.266,d4a956dba031e1a8a9abb96d8af3086b128330ce34f27829ed4f15e80a8e542e
big_buck_bunny,26,2000,1,274920,40.507791,../encoded/full/big_buck_bunny/bitrate_002000kbps/segment_0026.266,6cdc711b75f38922e7bf935478141a180209942ffed989bf5132133ca310fb81
big_buck_bunny,26,4000,1,443579,43.356794,../encoded/full/big_buck_bunny/bitrate_004000kbps/segment_0026.266,72501f71fa920edb0c1069e039baf2da41654ecc070484222997a00fce9cb414
big_buck_bunny,26,8000,1,626894,45.428458,../encoded/full/big_buck_bunny/bitrate_008000kbps/segment_0026.266,ffce55190ba9a3bc4d8ba1d8420b6d8af384ef1095a7cb828c7884228fdf419f
big_buck_bunny,27,1000,1,129506,36.390331,../encoded/full/big_buck_bunny/bitrate_001000kbps/segment_0027.266,f42ebee0f488c13dc5e2640ae34b29f6beff470630eece08d04f76a395b9aaa9
big_buck_bunny,27,2000,1,236126,39.769174,../encoded/full/big_buck_bunny/bitrate_002000kbps/segment_0027.266,512cc0e3530575089fe579426099470f65c612edf70874be4adc00cb057a4d3a
big_buck_bunny,27,4000,1,416935,43.041698,../encoded/full/big_buck_bunny/bitrate_004000kbps/segment_0027.266,29cf3ef7f546f7e272cebffd8de6c9a38b4a48e9b1df78e437ae8685d50f40ef
big_buck_bunny,27,8000,1,556475,45.127242,../encoded/full/big_buck_bunny/bitrate_008000kbps/segment_0027.266,e87bf706e58a67e469ae0a840535cde29ce45fd159f795aba96bb595e4ce2316
big_buck_bunny,28,1000,1,127814,36.666530,../encoded/full/big_buck_bunny/bitrate_001000kbps/segment_0028.266,4d50c5ac3b2d2f9845984637e66881a5fb42e5baa75f83fc9aacdaae24ca9f98
big_buck_bunny,28,2000,1,249639,40.527311,../encoded/full/big_buck_bunny/bitrate_002000kbps/segment_0028.266,2000b05aeb010a29ce78da360712a2847a1f1d2e0aeb88abda3dc6e9b964ba16
big_buck_bunny,28,4000,1,387687,43.080949,../encoded/full/big_buck_bunny/bitrate_004000kbps/segment_0028.266,6dad3114abb6851f172554888b1d9b6d78b41f44bc62cc860cc9409a7c58ead9
big_buck_bunny,28,8000,1,536723,45.356037,../encoded/full/big_buck_bunny/bitrate_008000kbps/segment_0028.266,c9da896228e76e45eed51e20d2d0dbf45b39f5a6ed8e0ad5e7a4b5e49c15d0e6
big_buck_bunny,29,1000,1,153227,40.925192,../encoded/full/big_buck_bunny/bitrate_001000kbps/segment_0029.266,b9b0177c328391e87bca02fd3cb8d59cc6a6f464219c76b3856d2f6a14982d32
big_buck_bunny,29,2000,1,269974,43.528588,../encoded/full/big_buck_bunny/bitrate_002000kbps/segment_0029.266,9626a45e99aa1ffd14e1f73d6286dee77d76ad9f507b2f165c8b62308a742e1b
big_buck_bunny,29,4000,1,466960,45.597680,../encoded/full/big_buck_bunny/bitrate_004000kbps/segment_0029.266,db4d1bdc7c1acedb4f0dd99e53aff7d0b3fdd900fbc4d37b730819a0cb8e036d
big_buck_bunny,29,8000,1,598604,47.000098,../encoded/full/big_buck_bunny/bitrate_008000kbps/segment_0029.266,46b93c3610cecf556cef10b6589a23bcf0abb78d16010bfcca5894c3679a9801
big_buck_bunny,30,1000,1,140327,43.648357,../encoded/full/big_buck_bunny/bitrate_001000kbps/segment_0030.266,a43c62ba3e89267e76c37c1ac1e9818d5ca2b5d7dff1f42d2a808019954b4de9
big_buck_bunny,30,2000,1,226432,46.125421,../encoded/full/big_buck_bunny/bitrate_002000kbps/segment_0030.266,35ada5fa3524e15290a6d0b80126473b8024a27ab4fa76b71bdde95b9d3af931
big_buck_bunny,30,4000,1,324197,47.684120,../encoded/full/big_buck_bunny/bitrate_004000kbps/segment_0030.266,92ad9db3d560801833781ccd704c13eb4439207b326e740cb9a2085aeb85b88e
big_buck_bunny,30,8000,1,430688,48.830306,../encoded/full/big_buck_bunny/bitrate_008000kbps/segment_0030.266,eaecbb47fcc38525adfca70257e8e130b624181d86a15645f5b97d1968c99629
big_buck_bunny,31,1000,1,134963,41.903422,../encoded/full/big_buck_bunny/bitrate_001000kbps/segment_0031.266,ea97e9a5282f1a28456096a4037e258ee0baeefa9f4a80960b816088551885b8
big_buck_bunny,31,2000,1,233036,44.780497,../encoded/full/big_buck_bunny/bitrate_002000kbps/segment_0031.266,c6fedda9e9dbea127716d50d6323f84cb7dc45d069efcf6b14e4d7034f2b5568
big_buck_bunny,31,4000,1,363634,46.860918,../encoded/full/big_buck_bunny/bitrate_004000kbps/segment_0031.266,6f6d75072b36cd9ae71b7a5f319bb5149622ea6b6af6ed989a6c62bdf0604de3
big_buck_bunny,31,8000,1,478675,47.999980,../encoded/full/big_buck_bunny/bitrate_008000kbps/segment_0031.266,c4d4d3221e318251102a1c5535bae7f0ffa76e36b2d26a4dfa2532347a499294
big_buck_bunny,32,1000,1,139336,40.784986,../encoded/full/big_buck_bunny/bitrate_001000kbps/segment_0032.266,5ecb9f7fc9c8516f8a36c907ee155ce32aa110c5881d935b3ce97860408ce8b5
big_buck_bunny,32,2000,1,231733,43.402347,../encoded/full/big_buck_bunny/bitrate_002000kbps/segment_0032.266,74f573553af9c1f57e541c1fae5e7b846b542de02aa57b62f4a4bcbde9472622
big_buck_bunny,32,4000,1,380816,45.511070,../encoded/full/big_buck_bunny/bitrate_004000kbps/segment_0032.266,8778f54535b9f26d0c6297e9dfe98f54c6647b4d76c504e824261b76e6696c7e
big_buck_bunny,32,8000,1,516019,46.805970,../encoded/full/big_buck_bunny/bitrate_008000kbps/segment_0032.266,d3b446b120cc6e8697a84bc28cf3605b1e26a5c313bb52442f4b20beb2881a04
big_buck_bunny,33,1000,1,133401,39.275963,../encoded/full/big_buck_bunny/bitrate_001000kbps/segment_0033.266,0a5fb98ee744dba4104a8ee4209b374590950e516ee174359e64fec3df2b2a91
big_buck_bunny,33,2000,1,241105,42.205736,../encoded/full/big_buck_bunny/bitrate_002000kbps/segment_0033.266,3bdc37a666647dfe37eefcd33fbbab19c377d921199e872282f5cc4fc0aadb9a
big_buck_bunny,33,4000,1,402425,44.695098,../encoded/full/big_buck_bunny/bitrate_004000kbps/segment_0033.266,8701d01d8d28b5eb29d4877c48a6ef265911c470141bcd4d184f4840bb09767b
big_buck_bunny,33,8000,1,583003,46.408788,../encoded/full/big_buck_bunny/bitrate_008000kbps/segment_0033.266,e6224de3f883b6264b38023e7f51bc4d5fbf9098460cbe7884e65e33a54bf26b
big_buck_bunny,34,1000,1,124586,42.012805,../encoded/full/big_buck_bunny/bitrate_001000kbps/segment_0034.266,7dd4ac542f97d78836fa07501647250c5fcafbff03090647db5fbbc76621e554
big_buck_bunny,34,2000,1,210834,44.543800,../encoded/full/big_buck_bunny/bitrate_002000kbps/segment_0034.266,2df53376596e1f7dec26f5bc8384dd127a6242e25fda49c3026a642b825bf689
big_buck_bunny,34,4000,1,318054,46.285137,../encoded/full/big_buck_bunny/bitrate_004000kbps/segment_0034.266,67b4147eeddc7b0a8fc1114a68e9799a490d22475de81b7f368da47b6a9363b6
big_buck_bunny,34,8000,1,468626,47.885099,../encoded/full/big_buck_bunny/bitrate_008000kbps/segment_0034.266,9b11f1811f46c9b88e36097f3d15bbcc8934d42965cbe204ec7531c40228030d
big_buck_bunny,35,1000,1,121635,42.038124,../encoded/full/big_buck_bunny/bitrate_001000kbps/segment_0035.266,e2b816bc4cecba69a7c8f3f6eca44e902b3b799f866e6525129e904fb44a15d3
big_buck_bunny,35,2000,1,198098,44.664853,../encoded/full/big_buck_bunny/bitrate_002000kbps/segment_0035.266,2f98a3c3cfda4dfc992b2a078ce3ac6d6466e65ef5a71e9b8de8275ac42492f6
big_buck_bunny,35,4000,1,298530,46.347634,../encoded/full/big_buck_bunny/bitrate_004000kbps/segment_0035.266,424b7e3b69b3d91fd08afe29a501791847212705ccc2b633d957e9852d3169f4
big_buck_bunny,35,8000,1,405838,47.712964,../encoded/full/big_buck_bunny/bitrate_008000kbps/segment_0035.266,d46738c4d5fd83626b9eece6d02dc010200d5d8b98d050bacbd1fe7d08578450
big_buck_bunny,36,1000,1,116726,42.320662,../encoded/full/big_buck_bunny/bitrate_001000kbps/segment_0036.266,7ac962c6b4ad8456c53a7338017fc11f1d25d03e7d032ae20205d9f75cdc8ff7
big_buck_bunny,36,2000,1,197458,45.206833,../encoded/full/big_buck_bunny/bitrate_002000kbps/segment_0036.266,ea3c01654e1d04663de0d0bd8fa01cbe135829e8056ffaf107dde9b4fd548592
big_buck_bunny,36,4000,1,285258,47.146548,../encoded/full/big_buck_bunny/bitrate_004000kbps/segment_0036.266,3b3099cc94a747960baf9179b5eb2c58c698f849c31e9c609e955fcfdee805e6
big_buck_bunny,36,8000,1,356493,48.270402,../encoded/full/big_buck_bunny/bitrate_008000kbps/segment_0036.266,09fcec40e1e986379efb3a33031da86803b954e8fc09ca9b767e5702150f042b
big_buck_bunny,37,1000,1,114596,42.608359,../encoded/full/big_buck_bunny/bitrate_001000kbps/segment_0037.266,6230f6f0ed8c7b9e8b2b13cff5456a7f8b5c9ffec831e186a388941a562c0732
big_buck_bunny,37,2000,1,190627,45.524147,../encoded/full/big_buck_bunny/bitrate_002000kbps/segment_0037.266,e90eb0d6e2fe77000177de99243ce421b36d4c463937041337b6d689a3d03445
big_buck_bunny,37,4000,1,249945,47.296853,../encoded/full/big_buck_bunny/bitrate_004000kbps/segment_0037.266,051c3b2acf8b405691c43c88bc050679ddb18622fa2053e683feeb66cf3fe863
big_buck_bunny,37,8000,1,308237,48.418949,../encoded/full/big_buck_bunny/bitrate_008000kbps/segment_0037.266,6124ff0aa71c073d0532e4d1f0351df6a9679af34279285c429a68260da8cd10
big_buck_bunny,38,1000,1,120547,41.840258,../encoded/full/big_buck_bunny/bitrate_001000kbps/segment_0038.266,f4c53eb0c6ff7829b0c6bd73a59a6bbbfb11d966fe05b797427b828f0796058b
big_buck_bunny,38,2000,1,204550,44.940219,../encoded/full/big_buck_bunny/bitrate_002000kbps/segment_0038.266,123d817722d5ea85d3b6b8d35f5e8ad8c5677fef0cb8c3f0638bac6e7fdaed3e
big_buck_bunny,38,4000,1,283979,46.451126,../encoded/full/big_buck_bunny/bitrate_004000kbps/segment_0038.266,b4ef982cf0b48612b274638f201ff6647c3703ef6ff170e69ef711f5e8ada0ca
big_buck_bunny,38,8000,1,393965,48.154716,../encoded/full/big_buck_bunny/bitrate_008000kbps/segment_0038.266,eefcb04fdcfe9975ebb28435521b03f8bc8e4d824d6da96bc833e592855a9d53
big_buck_bunny,39,1000,1,122249,41.547321,../encoded/full/big_buck_bunny/bitrate_001000kbps/segment_0039.266,ccd57f60a368eea4e848c17dd73f85e6d23a9df26791a5ef839d8680cd8055ea
big_buck_bunny,39,2000,1,198062,44.239557,../encoded/full/big_buck_bunny/bitrate_002000kbps/segment_0039.266,4988d78f32c8df259b846bac73bfe5cb709bb61e7a04a4b79d54778dbaf6e707
big_buck_bunny,39,4000,1,310873,46.374135,../encoded/full/big_buck_bunny/bitrate_004000kbps/segment_0039.266,54e3c27f9a30c6ea820ee58ba6f3243fa54c4be5425c38b2022614a7802896ea
big_buck_bunny,39,8000,1,416203,47.997253,../encoded/full/big_buck_bunny/bitrate_008000kbps/segment_0039.266,ae3f8bca15d4977fa0294205e2749a6ee5cae3dd39def1c18bc9f6b1456da63f
big_buck_bunny,40,1000,1,110150,39.555628,../encoded/full/big_buck_bunny/bitrate_001000kbps/segment_0040.266,313ff14b9a2edd5eab7b7bc4c899c951c408f0308beb218d1ad6fe049ffc4209
big_buck_bunny,40,2000,1,185276,42.642326,../encoded/full/big_buck_bunny/bitrate_002000kbps/segment_0040.266,9e1ee792850c035d0d743246713f2dfe85c322a621c8cea3665bfeb74951bce1
big_buck_bunny,40,4000,1,294707,45.134231,../encoded/full/big_buck_bunny/bitrate_004000kbps/segment_0040.266,08bc3fc946792ec186a4604801d2be6d9fe922c3a87634f6e40cb392e4b8b227
big_buck_bunny,40,8000,1,417878,46.933525,../encoded/full/big_buck_bunny/bitrate_008000kbps/segment_0040.266,4fc879c28f588a3631c25c2590702399263abac0425c968843de9c40898ec9c0
big_buck_bunny,41,1000,1,125563,40.207021,../encoded/full/big_buck_bunny/bitrate_001000kbps/segment_0041.266,c3b52c7b661b43ca1203f5935a0a88c6607224b0b665be584d67e9a0016260b9
big_buck_bunny,41,2000,1,216980,42.912490,../encoded/full/big_buck_bunny/bitrate_002000kbps/segment_0041.266,fe32ffdfe59de8013ad70be79d8080c5b008ec0017ff21e7caa5b3885e214c36
big_buck_bunny,41,4000,1,363154,45.065947,../encoded/full/big_buck_bunny/bitrate_004000kbps/segment_0041.266,5807266a1de65c8db4074216eb53e840c9616200ed4b691ebdcdce314641ad13
big_buck_bunny,41,8000,1,497634,46.360026,../encoded/full/big_buck_bunny/bitrate_008000kbps/segment_0041.266,a80c58a581e2d439ea12415f9188774f9546c1bfe063e6d4dc11ef943ccce2b6
big_buck_bunny,42,1000,1,131348,43.990714,../encoded/full/big_buck_bunny/bitrate_001000kbps/segment_0042.266,02851c7d0a38ab6460fcad5a8a21ee196f4a258e9f2d806e8e8b93f69e0dca5d
big_buck_bunny,42,2000,1,225247,46.844751,../encoded/full/big_buck_bunny/bitrate_002000kbps/segment_0042.266,082ee369fc3a62308367e13e2888b68b7b70c2ea449b2ef54fe5633e0bb04da4
big_buck_bunny,42,4000,1,344677,48.732252,../encoded/full/big_buck_bunny/bitrate_004000kbps/segment_0042.266,3a85bcc180ec9e48da8cb2f981e660a22d117821ee8c77bdffb6fafe53327eee
big_buck_bunny,42,8000,1,479415,49.820973,../encoded/full/big_buck_bunny/bitrate_008000kbps/segment_0042.266,b656be57650dffa67b688ec313a8c3f3350b966e675eb308c4a3022b656a5991
big_buck_bunny,43,1000,1,130777,41.729919,../encoded/full/big_buck_bunny/bitrate_001000kbps/segment_0043.266,b83deef109d46f5c824efe3d26239ae887f432f96bcd785f49aa89f70f97e162
big_buck_bunny,43,2000,1,224748,44.088226,../encoded/full/big_buck_bunny/bitrate_002000kbps/segment_0043.266,78d40ec57575ec8bceb1b58c82d55f0adb93c465edea07402ac9f50473cea867
big_buck_bunny,43,4000,1,340979,45.779783,../encoded/full/big_buck_bunny/bitrate_004000kbps/segment_0043.266,f0e5f8f10279ccebb91c0c30a6f5bb5e8279b35332357e290023076fc0d725bc
big_buck_bunny,43,8000,1,463500,46.916085,../encoded/full/big_buck_bunny/bitrate_008000kbps/segment_0043.266,401186822ce978008c361a72e604716fb44e5c967f0465534c7a61c4667103d9
big_buck_bunny,44,1000,1,130816,41.216923,../encoded/full/big_buck_bunny/bitrate_001000kbps/segment_0044.266,1bd9159a520d57443709528c97b278a7c759ae69f55a6928cd34a4f7cdae231d
big_buck_bunny,44,2000,1,219178,43.791481,../encoded/full/big_buck_bunny/bitrate_002000kbps/segment_0044.266,c0bbd069c9147c1d0d8d5d23c50930b082e426084e9e8637cb6d315fe69fd3d6
big_buck_bunny,44,4000,1,349907,45.761727,../encoded/full/big_buck_bunny/bitrate_004000kbps/segment_0044.266,c78fa03e566834e2ae43619fd08ff355fa8f3aa0a6140481ec00f9d89402623c
big_buck_bunny,44,8000,1,498911,47.150974,../encoded/full/big_buck_bunny/bitrate_008000kbps/segment_0044.266,2a51ae4871283550dac553e6d1ba4d7114544438b66082159715e845034ecb8a
big_buck_bunny,45,1000,1,125518,40.822841,../encoded/full/big_buck_bunny/bitrate_001000kbps/segment_0045.266,3db15f7b81d9c7e9f5b6f620b7fe7a73d763a81e86a46af27f3e9675b632392a
big_buck_bunny,45,2000,1,211715,43.582257,../encoded/full/big_buck_bunny/bitrate_002000kbps/segment_0045.266,66495ba629de934268aff1c455ad7027572fc4b682da58d654480ac039a8477d
big_buck_bunny,45,4000,1,338582,45.645162,../encoded/full/big_buck_bunny/bitrate_004000kbps/segment_0045.266,e125a5aa77cc486a5d26beebc5ebcfc101561cda83a67dfcc0a85b73e4e4fb5c
big_buck_bunny,45,8000,1,461720,46.989507,../encoded/full/big_buck_bunny/bitrate_008000kbps/segment_0045.266,4e55d8ee70097e339bef76ce48aa5d086220205a32aca1fc6ecf64ea7a06f624
big_buck_bunny,46,1000,1,123191,44.202619,../encoded/full/big_buck_bunny/bitrate_001000kbps/segment_0046.266,93b05b70d4f15e9bb0ab75f3a994a5ba5f3dd1827b68b91bb5d198db4faba5b1
big_buck_bunny,46,2000,1,212668,46.879777,../encoded/full/big_buck_bunny/bitrate_002000kbps/segment_0046.266,8ab71fc35f8cf7ef666839c46ce75e31cebaf80b96c2e163b6e5ce40d3b3ce73
big_buck_bunny,46,4000,1,288001,48.311818,../encoded/full/big_buck_bunny/bitrate_004000kbps/segment_0046.266,6df40de62cdda06b0edaae41395559ff0ee389b04100f15249a993c4a0c00fb3
big_buck_bunny,46,8000,1,404140,49.436495,../encoded/full/big_buck_bunny/bitrate_008000kbps/segment_0046.266,64ce9793c0aec7f0db1e5ed81d77f3ddead638a2c227c2c5f445a8d393398661
big_buck_bunny,47,1000,1,144990,49.397480,../encoded/full/big_buck_bunny/bitrate_001000kbps/segment_0047.266,3e37231d5ccdcc152e9adfd38f0fc2fcaf250e0e150965dd7a586b4019294aef
big_buck_bunny,47,2000,1,226535,50.521474,../encoded/full/big_buck_bunny/bitrate_002000kbps/segment_0047.266,46bc14489bf6df3ea7129b5126f89fe7c67e6c3f2098d02754a350f124a9a66e
big_buck_bunny,47,4000,1,308695,51.186734,../encoded/full/big_buck_bunny/bitrate_004000kbps/segment_0047.266,33b49d9372c2129e399348bde6d39b364d09458d8fed135053da3ee57e3e2c03
big_buck_bunny,47,8000,1,438038,51.809897,../encoded/full/big_buck_bunny/bitrate_008000kbps/segment_0047.266,441c87f6b43f91b042909fa85fbf07c4b42cd297ee856b5f6b62ec5cd2fd5f45
big_buck_bunny,48,1000,1,122707,41.329883,../encoded/full/big_buck_bunny/bitrate_001000kbps/segment_0048.266,1cfb22e7f70f4fe4a23593aa50bd961ab0df0fb3e57500ec539efc6d24fd62ab
big_buck_bunny,48,2000,1,205140,43.894144,../encoded/full/big_buck_bunny/bitrate_002000kbps/segment_0048.266,e280fc77724ec8876297937a247e1e3a704135434d05e32e68eaceebdf0ead34
big_buck_bunny,48,4000,1,328307,45.896690,../encoded/full/big_buck_bunny/bitrate_004000kbps/segment_0048.266,44a1babd9d706f0b42c31471ee039d49d148755c52c88180b77e93c9e7544652
big_buck_bunny,48,8000,1,465276,47.348913,../encoded/full/big_buck_bunny/bitrate_008000kbps/segment_0048.266,c991bd347166e50207b88a9b01c35ada4bfb38f1a6a20638f604eafafdc58f11
big_buck_bunny,49,1000,1,132745,41.828095,../encoded/full/big_buck_bunny/bitrate_001000kbps/segment_0049.266,e4d49674aa80360cb5e3e9fa8282d135183a18e090aa5c7cb4081bbca055b8bb
big_buck_bunny,49,2000,1,227333,44.678470,../encoded/full/big_buck_bunny/bitrate_002000kbps/segment_0049.266,a57e3a25ee5c476de78b50a33ca18a503f88bfb4055dfede328c2d27041625c3
big_buck_bunny,49,4000,1,357662,46.716796,../encoded/full/big_buck_bunny/bitrate_004000kbps/segment_0049.266,97e64f110e3e5138bfb6fa2fe27a8a7fa40ede560ea7b9b9bb8ca66f9d1f2fba
big_buck_bunny,49,8000,1,473148,47.727698,../encoded/full/big_buck_bunny/bitrate_008000kbps/segment_0049.266,56446e91c27e066f9216f801aabe26d1ff05f8f523ffeec07e52e4711ec123c6
big_buck_bunny,50,1000,1,112268,52.861499,../encoded/full/big_buck_bunny/bitrate_001000kbps/segment_0050.266,349487f59573b435c3e98bd33bd9e907a122545039aec8dde42741328411b780
big_buck_bunny,50,2000,1,150971,53.248030,../encoded/full/big_buck_bunny/bitrate_002000kbps/segment_0050.266,a7bd0294241889b72160331ed6b50afa7d5e4578eb91b2de34a77ef941ddab19
big_buck_bunny,50,4000,1,211924,53.575613,../encoded/full/big_buck_bunny/bitrate_004000kbps/segment_0050.266,adba196ce7fec923539710c6a0d6d6f119ac52aac556f9af71290a5cb5a506ff
big_buck_bunny,50,8000,1,491053,54.075740,../encoded/full/big_buck_bunny/bitrate_008000kbps/segment_0050.266,14c1106085abd08670b95bf4fa1f01d44ca56c05c677087859f1a995b89a34f0
big_buck_bunny,51,1000,1,117232,52.430514,../encoded/full/big_buck_bunny/bitrate_001000kbps/segment_0051.266,2f5ea7f1c669e67b0b8c0ed21e9ee9e6d69ebdfd0b71eef4b283db5888fd15f1
big_buck_bunny,51,2000,1,159035,52.904687,../encoded/full/big_buck_bunny/bitrate_002000kbps/segment_0051.266,5a499b650f1a2f08dc7d030e7ef0ce6927487d5b959481bacb61a16de88635ee
big_buck_bunny,51,4000,1,312558,53.466622,../encoded/full/big_buck_bunny/bitrate_004000kbps/segment_0051.266,f1e1d6430b19957a0e881e68fb016b79ec12be457c1b9ff43281d88a0afed0da
big_buck_bunny,51,8000,1,526270,54.347904,../encoded/full/big_buck_bunny/bitrate_008000kbps/segment_0051.266,3b7edd5341e2837b6693005176712c56133417e8dc19681a8cb6eb0f77eeed87
big_buck_bunny,52,1000,1,133229,51.903906,../encoded/full/big_buck_bunny/bitrate_001000kbps/segment_0052.266,db69ea211e2a653feac8a02b0c9113b3b923b94d197ad44ad45ff2bbe6f6d890
big_buck_bunny,52,2000,1,174858,52.416777,../encoded/full/big_buck_bunny/bitrate_002000kbps/segment_0052.266,05c705eb8a14e2fce4e299269c1e54347d9da75739490d9884d3e2da0c0d1c3b
big_buck_bunny,52,4000,1,261107,52.952707,../encoded/full/big_buck_bunny/bitrate_004000kbps/segment_0052.266,dd98c9957392c6c0f457b98bd1c70251dabe70a9ab795a2171aab3505f9b0bc3
big_buck_bunny,52,8000,1,466129,53.545816,../encoded/full/big_buck_bunny/bitrate_008000kbps/segment_0052.266,97b23fdbbc05a96696320c7b51d2fdb403d7f62d5ca2219e6d5f7374d4d9a5d1
big_buck_bunny,53,1000,1,123870,49.610425,../encoded/full/big_buck_bunny/bitrate_001000kbps/segment_0053.266,b0e3406064ebb7006b376007c7e41646b0b6fb2205045d77b724b20f60a2375c
big_buck_bunny,53,2000,1,178889,50.580892,../encoded/full/big_buck_bunny/bitrate_002000kbps/segment_0053.266,69d22d3de10a5fd1b0706549e8434bb3773c70ecb053b639674cdaeee3a2e2ed
big_buck_bunny,53,4000,1,254050,51.301565,../encoded/full/big_buck_bunny/bitrate_004000kbps/segment_0053.266,2cb036d60328675e0b46b1e50468812ddc55821e4551172f5384f3166f908341
big_buck_bunny,53,8000,1,356403,51.982194,../encoded/full/big_buck_bunny/bitrate_008000kbps/segment_0053.266,930c213d6b39cbf702ec3ee533466e42f75b627f66169ca02b1952cd5e83fcf1
big_buck_bunny,54,1000,1,143246,48.386584,../encoded/full/big_buck_bunny/bitrate_001000kbps/segment_0054.266,d4852691bbc46e315d63fdaa88a78d11f8a4fc5029419896fcbc0c5c684ffba7
big_buck_bunny,54,2000,1,224209,49.582095,../encoded/full/big_buck_bunny/bitrate_002000kbps/segment_0054.266,d197c1fd8567cbb4c528e7af6532d7950746335d2870a8dfe9b92b656b5911fe
big_buck_bunny,54,4000,1,302934,50.336561,../encoded/full/big_buck_bunny/bitrate_004000kbps/segment_0054.266,9cb432c0c96a16e204198e5bf71837b24bf0976b238d54421f7b292cbbdd5010
big_buck_bunny,54,8000,1,414038,51.051935,../encoded/full/big_buck_bunny/bitrate_008000kbps/segment_0054.266,c8c310f69ee647fd0fe65fc4945425672cf5192bfecb72275525416f95d2ca26
big_buck_bunny,55,1000,1,132135,48.413688,../encoded/full/big_buck_bunny/bitrate_001000kbps/segment_0055.266,948eef5cf2bc9cb752d6f684a6172d1e5efebe39f62e285677e09d27bf222278
big_buck_bunny,55,2000,1,206899,49.686592,../encoded/full/big_buck_bunny/bitrate_002000kbps/segment_0055.266,125d2500ee07b093a3650a73b45a6c5eb7ae8fffdb148812d33922e8ea5b77a9
big_buck_bunny,55,4000,1,285946,50.482923,../encoded/full/big_buck_bunny/bitrate_004000kbps/segment_0055.266,0c444be99abb628c806175bdbafcd22cf688f224be48d0cbc564ad538ed6b319
big_buck_bunny,55,8000,1,404780,51.218147,../encoded/full/big_buck_bunny/bitrate_008000kbps/segment_0055.266,8c3f7d3234475516c79159bb890e3ac1cb23f5adb26a0b17f2170b3fedd2ef50
big_buck_bunny,56,1000,1,128603,40.025737,../encoded/full/big_buck_bunny/bitrate_001000kbps/segment_0056.266,cf8a0d752a35ce34fa9daeb9899e51d6d63358844002a154eb4b17623ea6000d
big_buck_bunny,56,2000,1,230656,42.735222,../encoded/full/big_buck_bunny/bitrate_002000kbps/segment_0056.266,ce7e1234acb3aeef324e7766c1797121fc918e8194d851fe6ee43f05daa526f0
big_buck_bunny,56,4000,1,384921,45.081640,../encoded/full/big_buck_bunny/bitrate_004000kbps/segment_0056.266,5afe9f2ea992e46e0c5641f89e04e3c7329b8ad325d32fcddaa436050daff099
big_buck_bunny,56,8000,1,518579,46.394305,../encoded/full/big_buck_bunny/bitrate_008000kbps/segment_0056.266,3b06dbc62d7c873c2cbc47e996df707d1e0ba37eb6760d835874d2c13f8c0de8
big_buck_bunny,57,1000,1,127898,38.793719,../encoded/full/big_buck_bunny/bitrate_001000kbps/segment_0057.266,bbc4d760458644bf6c6b531595a2632900bcd0d7a58d4060fc71369f6ea5543d
big_buck_bunny,57,2000,1,219378,41.902757,../encoded/full/big_buck_bunny/bitrate_002000kbps/segment_0057.266,4fdae0999615ba292dcba196003d00944be03c4e2f4521d521e873d5259ef210
big_buck_bunny,57,4000,1,359121,44.436149,../encoded/full/big_buck_bunny/bitrate_004000kbps/segment_0057.266,9728b815cc8c8b1abc791a74a7c0631f2aa946b60376792a3ff32d55337eebcb
big_buck_bunny,57,8000,1,482541,45.884783,../encoded/full/big_buck_bunny/bitrate_008000kbps/segment_0057.266,f38d51c54ab53e91fe019716ce45f4f661bf99004ff56b7e4575e298475471ab
big_buck_bunny,58,1000,1,109191,42.031686,../encoded/full/big_buck_bunny/bitrate_001000kbps/segment_0058.266,871a77b6a4693911e962ffc15a883e2e87a29564e7f1204aeb69ef4dfce0e279
big_buck_bunny,58,2000,1,196043,44.725720,../encoded/full/big_buck_bunny/bitrate_002000kbps/segment_0058.266,cabffa180105fa3bddaa7bbb427f0ed58d8f84f649df90c9d1d07a003aad04c7
big_buck_bunny,58,4000,1,314446,46.570195,../encoded/full/big_buck_bunny/bitrate_004000kbps/segment_0058.266,706d7c77434e289731a8a58aac4b0c12a80c15a3b3f6a6a39a102612bc46471f
big_buck_bunny,58,8000,1,407935,47.565123,../encoded/full/big_buck_bunny/bitrate_008000kbps/segment_0058.266,c9ff7b9d83b8cd0e2c9df6365cb6e9e016fa3ce166b6111d384124afadb613eb
big_buck_bunny,59,1000,1,114632,41.878909,../encoded/full/big_buck_bunny/bitrate_001000kbps/segment_0059.266,24ce4d43ab6de21929fe2adbfcda2550e28b36178415cbd3bd1d2eb70aba0f27
big_buck_bunny,59,2000,1,194426,44.397241,../encoded/full/big_buck_bunny/bitrate_002000kbps/segment_0059.266,787518ea5406cb450fd9989599462b1b653909d873f5ecb3d39165acf83ab9aa
big_buck_bunny,59,4000,1,318154,46.070209,../encoded/full/big_buck_bunny/bitrate_004000kbps/segment_0059.266,afda332e271fc123f89c5fb4c1048d89e6f66d1a60c51f15087411acd3f6074c
big_buck_bunny,59,8000,1,430473,47.453038,../encoded/full/big_buck_bunny/bitrate_008000kbps/segment_0059.266,f7fa1e6729131e6aba416aaa4add06a2486a24b60911db5c81fbdb65c04f1b28
