scope,trace,controller,metric,better_when,n,mean,std,ci95_half_width,ci95_low,ci95_high
per_trace,evaluation_gradual,static,startup_delay_s,lower,5,1.3297350492346665,0.0,0.0,1.3297350492346665,1.3297350492346665
per_trace,evaluation_gradual,static,rebuffering_s,lower,5,0.0,0.0,0.0,0.0,0.0
per_trace,evaluation_gradual,static,rebuffering_rate_percent,lower,5,0.0,0.0,0.0,0.0,0.0
per_trace,evaluation_gradual,static,average_bitrate_kbps,higher,5,13225.266666666666,0.0,0.0,13225.266666666666,13225.266666666666
per_trace,evaluation_gradual,static,average_payload_bitrate_kbps,higher,5,15203.17444717445,0.0,0.0,15203.17444717445,15203.17444717445
per_trace,evaluation_gradual,static,buffer_mean_s,descriptive,5,5.972953000159774,0.0,0.0,5.972953000159774,5.972953000159774
per_trace,evaluation_gradual,static,buffer_std_s,lower,5,2.454526969001842,0.0,0.0,2.454526969001842,2.454526969001842
per_trace,evaluation_gradual,static,mean_objective_reward,higher,5,-0.5404617119138526,0.0,0.0,-0.5404617119138526,-0.5404617119138526
per_trace,evaluation_gradual,static,switch_count,lower,5,2.0,0.0,0.0,2.0,2.0
per_trace,evaluation_gradual,static,high_representation_fraction_percent,descriptive,5,6.666666666666667,0.0,0.0,6.666666666666667,6.666666666666667
per_trace,evaluation_gradual,throughput,startup_delay_s,lower,5,1.3297350492346665,0.0,0.0,1.3297350492346665,1.3297350492346665
per_trace,evaluation_gradual,throughput,rebuffering_s,lower,5,0.0,0.0,0.0,0.0,0.0
per_trace,evaluation_gradual,throughput,rebuffering_rate_percent,lower,5,0.0,0.0,0.0,0.0,0.0
per_trace,evaluation_gradual,throughput,average_bitrate_kbps,higher,5,10026.0,0.0,0.0,10026.0,10026.0
per_trace,evaluation_gradual,throughput,average_payload_bitrate_kbps,higher,5,12307.121937521937,0.0,0.0,12307.121937521937,12307.121937521937
per_trace,evaluation_gradual,throughput,buffer_mean_s,descriptive,5,8.943588268535843,0.0,0.0,8.943588268535843,8.943588268535843
per_trace,evaluation_gradual,throughput,buffer_std_s,lower,5,3.7092550734136447,0.0,0.0,3.7092550734136447,3.7092550734136447
per_trace,evaluation_gradual,throughput,mean_objective_reward,higher,5,-0.29090879493075733,0.0,0.0,-0.29090879493075733,-0.29090879493075733
per_trace,evaluation_gradual,throughput,switch_count,lower,5,0.0,0.0,0.0,0.0,0.0
per_trace,evaluation_gradual,throughput,high_representation_fraction_percent,descriptive,5,0.0,0.0,0.0,0.0,0.0
per_trace,evaluation_gradual,bola-basic,startup_delay_s,lower,5,1.3297350492346665,0.0,0.0,1.3297350492346665,1.3297350492346665
per_trace,evaluation_gradual,bola-basic,rebuffering_s,lower,5,0.0,0.0,0.0,0.0,0.0
per_trace,evaluation_gradual,bola-basic,rebuffering_rate_percent,lower,5,0.0,0.0,0.0,0.0,0.0
per_trace,evaluation_gradual,bola-basic,average_bitrate_kbps,higher,5,16424.533333333333,0.0,0.0,16424.533333333333,16424.533333333333
per_trace,evaluation_gradual,bola-basic,average_payload_bitrate_kbps,higher,5,18549.549175149175,0.0,0.0,18549.549175149175,18549.549175149175
per_trace,evaluation_gradual,bola-basic,buffer_mean_s,descriptive,5,6.156846124853628,0.0,0.0,6.156846124853628,6.156846124853628
per_trace,evaluation_gradual,bola-basic,buffer_std_s,lower,5,1.943340222757978,0.0,0.0,1.943340222757978,1.943340222757978
per_trace,evaluation_gradual,bola-basic,mean_objective_reward,higher,5,-0.4420043103150831,0.0,0.0,-0.4420043103150831,-0.4420043103150831
per_trace,evaluation_gradual,bola-basic,switch_count,lower,5,7.0,0.0,0.0,7.0,7.0
per_trace,evaluation_gradual,bola-basic,high_representation_fraction_percent,descriptive,5,13.333333333333334,0.0,0.0,13.333333333333334,13.333333333333334
per_trace,evaluation_gradual,robust-mpc,startup_delay_s,lower,5,5.403055517169536,0.0,0.0,5.403055517169536,5.403055517169536
per_trace,evaluation_gradual,robust-mpc,rebuffering_s,lower,5,0.0,0.0,0.0,0.0,0.0
per_trace,evaluation_gradual,robust-mpc,rebuffering_rate_percent,lower,5,0.0,0.0,0.0,0.0,0.0
per_trace,evaluation_gradual,robust-mpc,average_bitrate_kbps,higher,5,24422.7,0.0,0.0,24422.7,24422.7
per_trace,evaluation_gradual,robust-mpc,average_payload_bitrate_kbps,higher,5,26285.551983151985,0.0,0.0,26285.551983151985,26285.551983151985
per_trace,evaluation_gradual,robust-mpc,buffer_mean_s,descriptive,5,5.993913823819741,0.0,0.0,5.993913823819741,5.993913823819741
per_trace,evaluation_gradual,robust-mpc,buffer_std_s,lower,5,2.4911671255416827,0.0,0.0,2.4911671255416827,2.4911671255416827
per_trace,evaluation_gradual,robust-mpc,mean_objective_reward,higher,5,-0.3176932621370689,0.0,0.0,-0.3176932621370689,-0.3176932621370689
per_trace,evaluation_gradual,robust-mpc,switch_count,lower,5,3.0,0.0,0.0,3.0,3.0
per_trace,evaluation_gradual,robust-mpc,high_representation_fraction_percent,descriptive,5,30.0,0.0,0.0,30.0,30.0
per_trace,evaluation_gradual,q-learning,startup_delay_s,lower,5,1.3297350492346665,0.0,0.0,1.3297350492346665,1.3297350492346665
per_trace,evaluation_gradual,q-learning,rebuffering_s,lower,5,0.0,0.0,0.0,0.0,0.0
per_trace,evaluation_gradual,q-learning,rebuffering_rate_percent,lower,5,0.0,0.0,0.0,0.0,0.0
per_trace,evaluation_gradual,q-learning,average_bitrate_kbps,higher,5,17384.31333333333,876.1552604038482,1087.7160387586252,16296.597294574707,18472.029372091958
per_trace,evaluation_gradual,q-learning,average_payload_bitrate_kbps,higher,5,19608.499094419098,966.684596754017,1200.1050359791234,18408.394058439975,20808.60413039822
per_trace,evaluation_gradual,q-learning,buffer_mean_s,descriptive,5,6.0462122681244095,0.10099443159064606,0.12538104606690553,5.920831222057504,6.171593314191315
per_trace,evaluation_gradual,q-learning,buffer_std_s,lower,5,1.8345050255312398,0.09935248761934694,0.12334263019127424,1.7111623953399655,1.9578476557225142
per_trace,evaluation_gradual,q-learning,mean_objective_reward,higher,5,-0.4173411819624575,0.022514252895630412,0.027950655645161797,-0.4452918376076193,-0.3893905263172957
per_trace,evaluation_gradual,q-learning,switch_count,lower,5,5.2,1.6431676725154984,2.0399350577898305,3.1600649422101696,7.239935057789831
per_trace,evaluation_gradual,q-learning,high_representation_fraction_percent,descriptive,5,15.333333333333334,1.825741858350554,2.2665945086553676,13.066738824677966,17.599927841988702
per_trace,evaluation_bursty,static,startup_delay_s,lower,5,3.8955348456565657,0.0,0.0,3.8955348456565657,3.8955348456565657
per_trace,evaluation_bursty,static,rebuffering_s,lower,5,3.6521507211960236,0.0,0.0,3.6521507211960236,3.6521507211960236
per_trace,evaluation_bursty,static,rebuffering_rate_percent,lower,5,12.819061850459892,0.0,0.0,12.819061850459892,12.819061850459892
per_trace,evaluation_bursty,static,average_bitrate_kbps,higher,5,10026.0,0.0,0.0,10026.0,10026.0
per_trace,evaluation_bursty,static,average_payload_bitrate_kbps,higher,5,12307.121937521937,0.0,0.0,12307.121937521937,12307.121937521937
per_trace,evaluation_bursty,static,buffer_mean_s,descriptive,5,3.5181728248523703,0.0,0.0,3.5181728248523703,3.5181728248523703
per_trace,evaluation_bursty,static,buffer_std_s,lower,5,1.631210248121279,0.0,0.0,1.631210248121279,1.631210248121279
per_trace,evaluation_bursty,static,mean_objective_reward,higher,5,-2.3885646830910825,0.0,0.0,-2.3885646830910825,-2.3885646830910825
per_trace,evaluation_bursty,static,switch_count,lower,5,0.0,0.0,0.0,0.0,0.0
per_trace,evaluation_bursty,static,high_representation_fraction_percent,descriptive,5,0.0,0.0,0.0,0.0,0.0
per_trace,evaluation_bursty,throughput,startup_delay_s,lower,5,3.8955348456565657,0.0,0.0,3.8955348456565657,3.8955348456565657
per_trace,evaluation_bursty,throughput,rebuffering_s,lower,5,3.6521507211960236,0.0,0.0,3.6521507211960236,3.6521507211960236
per_trace,evaluation_bursty,throughput,rebuffering_rate_percent,lower,5,12.819061850459892,0.0,0.0,12.819061850459892,12.819061850459892
per_trace,evaluation_bursty,throughput,average_bitrate_kbps,higher,5,10026.0,0.0,0.0,10026.0,10026.0
per_trace,evaluation_bursty,throughput,average_payload_bitrate_kbps,higher,5,12307.121937521937,0.0,0.0,12307.121937521937,12307.121937521937
per_trace,evaluation_bursty,throughput,buffer_mean_s,descriptive,5,3.5181728248523703,0.0,0.0,3.5181728248523703,3.5181728248523703
per_trace,evaluation_bursty,throughput,buffer_std_s,lower,5,1.631210248121279,0.0,0.0,1.631210248121279,1.631210248121279
per_trace,evaluation_bursty,throughput,mean_objective_reward,higher,5,-2.3885646830910825,0.0,0.0,-2.3885646830910825,-2.3885646830910825
per_trace,evaluation_bursty,throughput,switch_count,lower,5,0.0,0.0,0.0,0.0,0.0
per_trace,evaluation_bursty,throughput,high_representation_fraction_percent,descriptive,5,0.0,0.0,0.0,0.0,0.0
per_trace,evaluation_bursty,bola-basic,startup_delay_s,lower,5,3.8955348456565657,0.0,0.0,3.8955348456565657,3.8955348456565657
per_trace,evaluation_bursty,bola-basic,rebuffering_s,lower,5,3.6521507211960236,0.0,0.0,3.6521507211960236,3.6521507211960236
per_trace,evaluation_bursty,bola-basic,rebuffering_rate_percent,lower,5,12.819061850459892,0.0,0.0,12.819061850459892,12.819061850459892
per_trace,evaluation_bursty,bola-basic,average_bitrate_kbps,higher,5,10026.0,0.0,0.0,10026.0,10026.0
per_trace,evaluation_bursty,bola-basic,average_payload_bitrate_kbps,higher,5,12307.121937521937,0.0,0.0,12307.121937521937,12307.121937521937
per_trace,evaluation_bursty,bola-basic,buffer_mean_s,descriptive,5,3.5181728248523703,0.0,0.0,3.5181728248523703,3.5181728248523703
per_trace,evaluation_bursty,bola-basic,buffer_std_s,lower,5,1.631210248121279,0.0,0.0,1.631210248121279,1.631210248121279
per_trace,evaluation_bursty,bola-basic,mean_objective_reward,higher,5,-2.3885646830910825,0.0,0.0,-2.3885646830910825,-2.3885646830910825
per_trace,evaluation_bursty,bola-basic,switch_count,lower,5,0.0,0.0,0.0,0.0,0.0
per_trace,evaluation_bursty,bola-basic,high_representation_fraction_percent,descriptive,5,0.0,0.0,0.0,0.0,0.0
per_trace,evaluation_bursty,robust-mpc,startup_delay_s,lower,5,18.327065834018445,0.0,0.0,18.327065834018445,18.327065834018445
per_trace,evaluation_bursty,robust-mpc,rebuffering_s,lower,5,3.6521507211960236,0.0,0.0,3.6521507211960236,3.6521507211960236
per_trace,evaluation_bursty,robust-mpc,rebuffering_rate_percent,lower,5,12.819061850459892,0.0,0.0,12.819061850459892,12.819061850459892
per_trace,evaluation_bursty,robust-mpc,average_bitrate_kbps,higher,5,16424.533333333333,0.0,0.0,16424.533333333333,16424.533333333333
per_trace,evaluation_bursty,robust-mpc,average_payload_bitrate_kbps,higher,5,18578.09701649702,0.0,0.0,18578.09701649702,18578.09701649702
per_trace,evaluation_bursty,robust-mpc,buffer_mean_s,descriptive,5,3.5181728248523703,0.0,0.0,3.5181728248523703,3.5181728248523703
per_trace,evaluation_bursty,robust-mpc,buffer_std_s,lower,5,1.631210248121279,0.0,0.0,1.631210248121279,1.631210248121279
per_trace,evaluation_bursty,robust-mpc,mean_objective_reward,higher,5,-2.2844900144070523,0.0,0.0,-2.2844900144070523,-2.2844900144070523
per_trace,evaluation_bursty,robust-mpc,switch_count,lower,5,2.0,0.0,0.0,2.0,2.0
per_trace,evaluation_bursty,robust-mpc,high_representation_fraction_percent,descriptive,5,13.333333333333334,0.0,0.0,13.333333333333334,13.333333333333334
per_trace,evaluation_bursty,q-learning,startup_delay_s,lower,5,3.8955348456565657,0.0,0.0,3.8955348456565657,3.8955348456565657
per_trace,evaluation_bursty,q-learning,rebuffering_s,lower,5,3.6521507211960236,0.0,0.0,3.6521507211960236,3.6521507211960236
per_trace,evaluation_bursty,q-learning,rebuffering_rate_percent,lower,5,12.819061850459892,0.0,0.0,12.819061850459892,12.819061850459892
per_trace,evaluation_bursty,q-learning,average_bitrate_kbps,higher,5,10026.0,0.0,0.0,10026.0,10026.0
per_trace,evaluation_bursty,q-learning,average_payload_bitrate_kbps,higher,5,12307.121937521937,0.0,0.0,12307.121937521937,12307.121937521937
per_trace,evaluation_bursty,q-learning,buffer_mean_s,descriptive,5,3.5181728248523703,0.0,0.0,3.5181728248523703,3.5181728248523703
per_trace,evaluation_bursty,q-learning,buffer_std_s,lower,5,1.631210248121279,0.0,0.0,1.631210248121279,1.631210248121279
per_trace,evaluation_bursty,q-learning,mean_objective_reward,higher,5,-2.3885646830910825,0.0,0.0,-2.3885646830910825,-2.3885646830910825
per_trace,evaluation_bursty,q-learning,switch_count,lower,5,0.0,0.0,0.0,0.0,0.0
per_trace,evaluation_bursty,q-learning,high_representation_fraction_percent,descriptive,5,0.0,0.0,0.0,0.0,0.0
per_trace,evaluation_challenging,static,startup_delay_s,lower,5,2.134590127819549,0.0,0.0,2.134590127819549,2.134590127819549
per_trace,evaluation_challenging,static,rebuffering_s,lower,5,4.796178351287361,0.0,0.0,4.796178351287361,4.796178351287361
per_trace,evaluation_challenging,static,rebuffering_rate_percent,lower,5,16.834602847621486,0.0,0.0,16.834602847621486,16.834602847621486
per_trace,evaluation_challenging,static,average_bitrate_kbps,higher,5,10026.0,0.0,0.0,10026.0,10026.0
per_trace,evaluation_challenging,static,average_payload_bitrate_kbps,higher,5,12307.121937521937,0.0,0.0,12307.121937521937,12307.121937521937
per_trace,evaluation_challenging,static,buffer_mean_s,descriptive,5,2.161798075659722,0.0,0.0,2.161798075659722,2.161798075659722
per_trace,evaluation_challenging,static,buffer_std_s,lower,5,1.1348879455218377,0.0,0.0,1.1348879455218377,1.1348879455218377
per_trace,evaluation_challenging,static,mean_objective_reward,higher,5,-3.1248901863931806,0.0,0.0,-3.1248901863931806,-3.1248901863931806
per_trace,evaluation_challenging,static,switch_count,lower,5,0.0,0.0,0.0,0.0,0.0
per_trace,evaluation_challenging,static,high_representation_fraction_percent,descriptive,5,0.0,0.0,0.0,0.0,0.0
per_trace,evaluation_challenging,throughput,startup_delay_s,lower,5,2.134590127819549,0.0,0.0,2.134590127819549,2.134590127819549
per_trace,evaluation_challenging,throughput,rebuffering_s,lower,5,4.796178351287361,0.0,0.0,4.796178351287361,4.796178351287361
per_trace,evaluation_challenging,throughput,rebuffering_rate_percent,lower,5,16.834602847621486,0.0,0.0,16.834602847621486,16.834602847621486
per_trace,evaluation_challenging,throughput,average_bitrate_kbps,higher,5,10026.0,0.0,0.0,10026.0,10026.0
per_trace,evaluation_challenging,throughput,average_payload_bitrate_kbps,higher,5,12307.121937521937,0.0,0.0,12307.121937521937,12307.121937521937
per_trace,evaluation_challenging,throughput,buffer_mean_s,descriptive,5,2.161798075659722,0.0,0.0,2.161798075659722,2.161798075659722
per_trace,evaluation_challenging,throughput,buffer_std_s,lower,5,1.1348879455218377,0.0,0.0,1.1348879455218377,1.1348879455218377
per_trace,evaluation_challenging,throughput,mean_objective_reward,higher,5,-3.1248901863931806,0.0,0.0,-3.1248901863931806,-3.1248901863931806
per_trace,evaluation_challenging,throughput,switch_count,lower,5,0.0,0.0,0.0,0.0,0.0
per_trace,evaluation_challenging,throughput,high_representation_fraction_percent,descriptive,5,0.0,0.0,0.0,0.0,0.0
per_trace,evaluation_challenging,bola-basic,startup_delay_s,lower,5,2.134590127819549,0.0,0.0,2.134590127819549,2.134590127819549
per_trace,evaluation_challenging,bola-basic,rebuffering_s,lower,5,4.796178351287361,0.0,0.0,4.796178351287361,4.796178351287361
per_trace,evaluation_challenging,bola-basic,rebuffering_rate_percent,lower,5,16.834602847621486,0.0,0.0,16.834602847621486,16.834602847621486
per_trace,evaluation_challenging,bola-basic,average_bitrate_kbps,higher,5,10026.0,0.0,0.0,10026.0,10026.0
per_trace,evaluation_challenging,bola-basic,average_payload_bitrate_kbps,higher,5,12307.121937521937,0.0,0.0,12307.121937521937,12307.121937521937
per_trace,evaluation_challenging,bola-basic,buffer_mean_s,descriptive,5,2.161798075659722,0.0,0.0,2.161798075659722,2.161798075659722
per_trace,evaluation_challenging,bola-basic,buffer_std_s,lower,5,1.1348879455218377,0.0,0.0,1.1348879455218377,1.1348879455218377
per_trace,evaluation_challenging,bola-basic,mean_objective_reward,higher,5,-3.1248901863931806,0.0,0.0,-3.1248901863931806,-3.1248901863931806
per_trace,evaluation_challenging,bola-basic,switch_count,lower,5,0.0,0.0,0.0,0.0,0.0
per_trace,evaluation_challenging,bola-basic,high_representation_fraction_percent,descriptive,5,0.0,0.0,0.0,0.0,0.0
per_trace,evaluation_challenging,robust-mpc,startup_delay_s,lower,5,9.255978395363408,0.0,0.0,9.255978395363408,9.255978395363408
per_trace,evaluation_challenging,robust-mpc,rebuffering_s,lower,5,4.796178351287361,0.0,0.0,4.796178351287361,4.796178351287361
per_trace,evaluation_challenging,robust-mpc,rebuffering_rate_percent,lower,5,16.834602847621486,0.0,0.0,16.834602847621486,16.834602847621486
per_trace,evaluation_challenging,robust-mpc,average_bitrate_kbps,higher,5,16424.533333333333,0.0,0.0,16424.533333333333,16424.533333333333
per_trace,evaluation_challenging,robust-mpc,average_payload_bitrate_kbps,higher,5,18578.09701649702,0.0,0.0,18578.09701649702,18578.09701649702
per_trace,evaluation_challenging,robust-mpc,buffer_mean_s,descriptive,5,2.161798075659722,0.0,0.0,2.161798075659722,2.161798075659722
per_trace,evaluation_challenging,robust-mpc,buffer_std_s,lower,5,1.1348879455218377,0.0,0.0,1.1348879455218377,1.1348879455218377
per_trace,evaluation_challenging,robust-mpc,mean_objective_reward,higher,5,-3.020815517709151,0.0,0.0,-3.020815517709151,-3.020815517709151
per_trace,evaluation_challenging,robust-mpc,switch_count,lower,5,2.0,0.0,0.0,2.0,2.0
per_trace,evaluation_challenging,robust-mpc,high_representation_fraction_percent,descriptive,5,13.333333333333334,0.0,0.0,13.333333333333334,13.333333333333334
per_trace,evaluation_challenging,q-learning,startup_delay_s,lower,5,2.134590127819549,0.0,0.0,2.134590127819549,2.134590127819549
per_trace,evaluation_challenging,q-learning,rebuffering_s,lower,5,4.796178351287361,0.0,0.0,4.796178351287361,4.796178351287361
per_trace,evaluation_challenging,q-learning,rebuffering_rate_percent,lower,5,16.834602847621486,0.0,0.0,16.834602847621486,16.834602847621486
per_trace,evaluation_challenging,q-learning,average_bitrate_kbps,higher,5,10026.0,0.0,0.0,10026.0,10026.0
per_trace,evaluation_challenging,q-learning,average_payload_bitrate_kbps,higher,5,12307.121937521937,0.0,0.0,12307.121937521937,12307.121937521937
per_trace,evaluation_challenging,q-learning,buffer_mean_s,descriptive,5,2.161798075659722,0.0,0.0,2.161798075659722,2.161798075659722
per_trace,evaluation_challenging,q-learning,buffer_std_s,lower,5,1.1348879455218377,0.0,0.0,1.1348879455218377,1.1348879455218377
per_trace,evaluation_challenging,q-learning,mean_objective_reward,higher,5,-3.1248901863931806,0.0,0.0,-3.1248901863931806,-3.1248901863931806
per_trace,evaluation_challenging,q-learning,switch_count,lower,5,0.0,0.0,0.0,0.0,0.0
per_trace,evaluation_challenging,q-learning,high_representation_fraction_percent,descriptive,5,0.0,0.0,0.0,0.0,0.0
overall_per_seed,all_evaluation_traces,static,startup_delay_s,lower,5,2.453286674236927,0.0,0.0,2.453286674236927,2.453286674236927
overall_per_seed,all_evaluation_traces,static,rebuffering_s,lower,5,2.8161096908277945,0.0,0.0,2.8161096908277945,2.8161096908277945
overall_per_seed,all_evaluation_traces,static,rebuffering_rate_percent,lower,5,9.88455489936046,0.0,0.0,9.88455489936046,9.88455489936046
overall_per_seed,all_evaluation_traces,static,average_bitrate_kbps,higher,5,11092.422222222222,0.0,0.0,11092.422222222222,11092.422222222222
overall_per_seed,all_evaluation_traces,static,average_payload_bitrate_kbps,higher,5,13272.472774072774,0.0,0.0,13272.472774072774,13272.472774072774
overall_per_seed,all_evaluation_traces,static,buffer_mean_s,descriptive,5,3.884307966890622,0.0,0.0,3.884307966890622,3.884307966890622
overall_per_seed,all_evaluation_traces,static,buffer_std_s,lower,5,1.7402083875483196,0.0,0.0,1.7402083875483196,1.7402083875483196
overall_per_seed,all_evaluation_traces,static,mean_objective_reward,higher,5,-2.017972193799372,0.0,0.0,-2.017972193799372,-2.017972193799372
overall_per_seed,all_evaluation_traces,static,switch_count,lower,5,0.6666666666666666,0.0,0.0,0.6666666666666666,0.6666666666666666
overall_per_seed,all_evaluation_traces,static,high_representation_fraction_percent,descriptive,5,2.2222222222222223,0.0,0.0,2.2222222222222223,2.2222222222222223
overall_per_seed,all_evaluation_traces,throughput,startup_delay_s,lower,5,2.453286674236927,0.0,0.0,2.453286674236927,2.453286674236927
overall_per_seed,all_evaluation_traces,throughput,rebuffering_s,lower,5,2.8161096908277945,0.0,0.0,2.8161096908277945,2.8161096908277945
overall_per_seed,all_evaluation_traces,throughput,rebuffering_rate_percent,lower,5,9.88455489936046,0.0,0.0,9.88455489936046,9.88455489936046
overall_per_seed,all_evaluation_traces,throughput,average_bitrate_kbps,higher,5,10026.0,0.0,0.0,10026.0,10026.0
overall_per_seed,all_evaluation_traces,throughput,average_payload_bitrate_kbps,higher,5,12307.121937521937,0.0,0.0,12307.121937521937,12307.121937521937
overall_per_seed,all_evaluation_traces,throughput,buffer_mean_s,descriptive,5,4.874519723015978,0.0,0.0,4.874519723015978,4.874519723015978
overall_per_seed,all_evaluation_traces,throughput,buffer_std_s,lower,5,2.1584510890189206,0.0,0.0,2.1584510890189206,2.1584510890189206
overall_per_seed,all_evaluation_traces,throughput,mean_objective_reward,higher,5,-1.9347878881383402,0.0,0.0,-1.9347878881383402,-1.9347878881383402
overall_per_seed,all_evaluation_traces,throughput,switch_count,lower,5,0.0,0.0,0.0,0.0,0.0
overall_per_seed,all_evaluation_traces,throughput,high_representation_fraction_percent,descriptive,5,0.0,0.0,0.0,0.0,0.0
overall_per_seed,all_evaluation_traces,bola-basic,startup_delay_s,lower,5,2.453286674236927,0.0,0.0,2.453286674236927,2.453286674236927
overall_per_seed,all_evaluation_traces,bola-basic,rebuffering_s,lower,5,2.8161096908277945,0.0,0.0,2.8161096908277945,2.8161096908277945
overall_per_seed,all_evaluation_traces,bola-basic,rebuffering_rate_percent,lower,5,9.88455489936046,0.0,0.0,9.88455489936046,9.88455489936046
overall_per_seed,all_evaluation_traces,bola-basic,average_bitrate_kbps,higher,5,12158.844444444445,0.0,0.0,12158.844444444445,12158.844444444445
overall_per_seed,all_evaluation_traces,bola-basic,average_payload_bitrate_kbps,higher,5,14387.931016731018,0.0,0.0,14387.931016731018,14387.931016731018
overall_per_seed,all_evaluation_traces,bola-basic,buffer_mean_s,descriptive,5,3.9456056751219064,0.0,0.0,3.9456056751219064,3.9456056751219064
overall_per_seed,all_evaluation_traces,bola-basic,buffer_std_s,lower,5,1.5698128054670315,0.0,0.0,1.5698128054670315,1.5698128054670315
overall_per_seed,all_evaluation_traces,bola-basic,mean_objective_reward,higher,5,-1.9851530599331155,0.0,0.0,-1.9851530599331155,-1.9851530599331155
overall_per_seed,all_evaluation_traces,bola-basic,switch_count,lower,5,2.3333333333333335,0.0,0.0,2.3333333333333335,2.3333333333333335
overall_per_seed,all_evaluation_traces,bola-basic,high_representation_fraction_percent,descriptive,5,4.444444444444445,0.0,0.0,4.444444444444445,4.444444444444445
overall_per_seed,all_evaluation_traces,robust-mpc,startup_delay_s,lower,5,10.995366582183797,0.0,0.0,10.995366582183797,10.995366582183797
overall_per_seed,all_evaluation_traces,robust-mpc,rebuffering_s,lower,5,2.8161096908277945,0.0,0.0,2.8161096908277945,2.8161096908277945
overall_per_seed,all_evaluation_traces,robust-mpc,rebuffering_rate_percent,lower,5,9.88455489936046,0.0,0.0,9.88455489936046,9.88455489936046
overall_per_seed,all_evaluation_traces,robust-mpc,average_bitrate_kbps,higher,5,19090.588888888888,0.0,0.0,19090.588888888888,19090.588888888888
overall_per_seed,all_evaluation_traces,robust-mpc,average_payload_bitrate_kbps,higher,5,21147.248672048674,0.0,0.0,21147.248672048674,21147.248672048674
overall_per_seed,all_evaluation_traces,robust-mpc,buffer_mean_s,descriptive,5,3.8912949081106114,0.0,0.0,3.8912949081106114,3.8912949081106114
overall_per_seed,all_evaluation_traces,robust-mpc,buffer_std_s,lower,5,1.7524217730615999,0.0,0.0,1.7524217730615999,1.7524217730615999
overall_per_seed,all_evaluation_traces,robust-mpc,mean_objective_reward,higher,5,-1.8743329314177573,0.0,0.0,-1.8743329314177573,-1.8743329314177573
overall_per_seed,all_evaluation_traces,robust-mpc,switch_count,lower,5,2.3333333333333335,0.0,0.0,2.3333333333333335,2.3333333333333335
overall_per_seed,all_evaluation_traces,robust-mpc,high_representation_fraction_percent,descriptive,5,18.88888888888889,0.0,0.0,18.88888888888889,18.88888888888889
overall_per_seed,all_evaluation_traces,q-learning,startup_delay_s,lower,5,2.453286674236927,0.0,0.0,2.453286674236927,2.453286674236927
overall_per_seed,all_evaluation_traces,q-learning,rebuffering_s,lower,5,2.8161096908277945,0.0,0.0,2.8161096908277945,2.8161096908277945
overall_per_seed,all_evaluation_traces,q-learning,rebuffering_rate_percent,lower,5,9.88455489936046,0.0,0.0,9.88455489936046,9.88455489936046
overall_per_seed,all_evaluation_traces,q-learning,average_bitrate_kbps,higher,5,12478.771111111111,292.05175346794937,362.57201291954175,12116.19909819157,12841.343124030653
overall_per_seed,all_evaluation_traces,q-learning,average_payload_bitrate_kbps,higher,5,14740.914323154324,322.22819891800566,400.03501199304117,14340.879311161283,15140.949335147365
overall_per_seed,all_evaluation_traces,q-learning,buffer_mean_s,descriptive,5,3.908727722878834,0.033664810530215514,0.04179368202230205,3.866934040856532,3.950521404901136
overall_per_seed,all_evaluation_traces,q-learning,buffer_std_s,lower,5,1.5335344063914522,0.03311749587311552,0.04111421006375792,1.4924201963276944,1.57464861645521
overall_per_seed,all_evaluation_traces,q-learning,mean_objective_reward,higher,5,-1.976932017148907,0.007504750965210218,0.009316885215054032,-1.9862489023639611,-1.967615131933853
overall_per_seed,all_evaluation_traces,q-learning,switch_count,lower,5,1.7333333333333332,0.5477225575051662,0.6799783525966102,1.053354980736723,2.4133116859299433
overall_per_seed,all_evaluation_traces,q-learning,high_representation_fraction_percent,descriptive,5,5.111111111111112,0.6085806194501848,0.7555315028851227,4.355579608225989,5.866642613996234
