dataset,scope,trace,comparison,metric,better_when,n,mean,std,ci95_half_width,ci95_low,ci95_high,ci95_excludes_zero
evaluation,per_trace,evaluation_gradual,standard_minus_static,startup_delay_s,lower,5,0.7674731182795699,0.19234993354836902,0.23879569892473118,0.5286774193548387,1.006268817204301,True
evaluation,per_trace,evaluation_gradual,standard_minus_static,rebuffering_s,lower,5,-0.3178032400337205,0.0,0.0,-0.3178032400337205,-0.3178032400337205,True
evaluation,per_trace,evaluation_gradual,standard_minus_static,rebuffering_rate_percent,lower,5,-0.5296720667228675,0.0,0.0,-0.5296720667228675,-0.5296720667228675,True
evaluation,per_trace,evaluation_gradual,standard_minus_static,average_bitrate_kbps,higher,5,-66.6666666666666,232.13980461973537,288.1934288710353,-354.8600955377019,221.52676220436868,False
evaluation,per_trace,evaluation_gradual,standard_minus_static,buffer_mean_s,descriptive,5,0.315294645524574,1.810907261810874,2.2481778771358747,-1.9328832316113007,2.5634725226604487,False
evaluation,per_trace,evaluation_gradual,standard_minus_static,buffer_std_s,lower,5,-0.33102782178385887,1.2819378938429191,1.5914809518836632,-1.9225087736675222,1.2604531300998043,False
evaluation,per_trace,evaluation_gradual,robust_minus_static,startup_delay_s,lower,5,0.5537634408602151,0.2865300122379042,0.3557169647685708,0.19804647609164433,0.909480405628786,True
evaluation,per_trace,evaluation_gradual,robust_minus_static,rebuffering_s,lower,5,-0.3178032400337205,0.0,0.0,-0.3178032400337205,-0.3178032400337205,True
evaluation,per_trace,evaluation_gradual,robust_minus_static,rebuffering_rate_percent,lower,5,-0.5296720667228675,0.0,0.0,-0.5296720667228675,-0.5296720667228675,True
evaluation,per_trace,evaluation_gradual,robust_minus_static,average_bitrate_kbps,higher,5,-450.0,374.90739597339973,465.43438826302645,-915.4343882630264,15.434388263026449,False
evaluation,per_trace,evaluation_gradual,robust_minus_static,buffer_mean_s,descriptive,5,3.9639799430219944,2.6239351562243542,3.257523504192972,0.7064564388290222,7.221503447214967,True
evaluation,per_trace,evaluation_gradual,robust_minus_static,buffer_std_s,lower,5,0.5376669846292295,1.4004971360197036,1.7386680944904604,-1.201001109861231,2.27633507911969,False
evaluation,per_trace,evaluation_gradual,robust_minus_standard,startup_delay_s,lower,5,-0.21370967741935482,0.42843466681620307,0.5318866184075531,-0.745596295826908,0.3181769409881983,False
evaluation,per_trace,evaluation_gradual,robust_minus_standard,rebuffering_s,lower,5,0.0,0.0,0.0,0.0,0.0,False
evaluation,per_trace,evaluation_gradual,robust_minus_standard,rebuffering_rate_percent,lower,5,0.0,0.0,0.0,0.0,0.0,False
evaluation,per_trace,evaluation_gradual,robust_minus_standard,average_bitrate_kbps,higher,5,-383.33333333333337,500.2777006601212,621.0772261876045,-1004.4105595209379,237.74389285427117,False
evaluation,per_trace,evaluation_gradual,robust_minus_standard,buffer_mean_s,descriptive,5,3.6486852974974204,3.5380923639087474,4.392417628194224,-0.7437323306968033,8.041102925691645,False
evaluation,per_trace,evaluation_gradual,robust_minus_standard,buffer_std_s,lower,5,0.8686948064130883,2.325567237411559,2.887110193435563,-2.0184153870224746,3.7558049998486513,False
evaluation,per_trace,evaluation_bursty,standard_minus_static,startup_delay_s,lower,5,0.7416666666666667,0.1863389981249825,0.2313333333333333,0.5103333333333334,0.973,True
evaluation,per_trace,evaluation_bursty,standard_minus_static,rebuffering_s,lower,5,19.1947775268085,20.701739387758913,25.70048366985486,-6.5057061430463605,44.89526119666336,False
evaluation,per_trace,evaluation_bursty,standard_minus_static,rebuffering_rate_percent,lower,5,31.991295878014178,34.50289897959819,42.83413944975811,-10.842843571743934,74.82543532777228,False
evaluation,per_trace,evaluation_bursty,standard_minus_static,average_bitrate_kbps,higher,5,876.6666666666667,442.4678268278698,549.3082945749944,327.3583720916723,1425.9749612416613,True
evaluation,per_trace,evaluation_bursty,standard_minus_static,buffer_mean_s,descriptive,5,-2.9632892038007634,0.580297850931617,0.7204194373318511,-3.6837086411326148,-2.242869766468912,True
evaluation,per_trace,evaluation_bursty,standard_minus_static,buffer_std_s,lower,5,-1.668899199647332,0.23647277190808266,0.29357265585048575,-1.9624718554978178,-1.375326543796846,True
evaluation,per_trace,evaluation_bursty,robust_minus_static,startup_delay_s,lower,5,0.535,0.2770379035439014,0.34393284460778095,0.19106715539221908,0.878932844607781,True
evaluation,per_trace,evaluation_bursty,robust_minus_static,rebuffering_s,lower,5,-22.16927527547853,10.321987872230691,12.814386065915158,-34.983661341393685,-9.354889209563371,True
evaluation,per_trace,evaluation_bursty,robust_minus_static,rebuffering_rate_percent,lower,5,-36.948792125797546,17.203313120384486,21.3573101098586,-58.30610223565614,-15.591482015938947,True
evaluation,per_trace,evaluation_bursty,robust_minus_static,average_bitrate_kbps,higher,5,176.66666666666666,134.68069233891285,167.20135778289736,9.465308883769296,343.868024449564,True
evaluation,per_trace,evaluation_bursty,robust_minus_static,buffer_mean_s,descriptive,5,-1.4141359219482827,0.3738027479263617,0.46406300644036547,-1.8781989283886482,-0.9500729155079173,True
evaluation,per_trace,evaluation_bursty,robust_minus_static,buffer_std_s,lower,5,-1.1259005536871132,0.1366996108110995,0.16970777428507217,-1.2956083279721853,-0.9561927794020411,True
evaluation,per_trace,evaluation_bursty,robust_minus_standard,startup_delay_s,lower,5,-0.2066666666666667,0.41459484908629646,0.5147049699045507,-0.7213716365712174,0.30803830323788406,False
evaluation,per_trace,evaluation_bursty,robust_minus_standard,rebuffering_s,lower,5,-41.364052802287034,15.017630756533055,18.643862082739243,-60.00791488502628,-22.72019071954779,True
evaluation,per_trace,evaluation_bursty,robust_minus_standard,rebuffering_rate_percent,lower,5,-68.94008800381172,25.029384594221764,31.073103471232077,-100.0131914750438,-37.86698453257965,True
evaluation,per_trace,evaluation_bursty,robust_minus_standard,average_bitrate_kbps,higher,5,-700.0000000000001,380.60624155564125,472.5093052581669,-1172.509305258167,-227.49069474183324,True
evaluation,per_trace,evaluation_bursty,robust_minus_standard,buffer_mean_s,descriptive,5,1.5491532818524802,0.5241813157205006,0.650752726250804,0.8984005556016762,2.199906008103284,True
evaluation,per_trace,evaluation_bursty,robust_minus_standard,buffer_std_s,lower,5,0.5429986459602191,0.32560222273720607,0.4042237442750414,0.1387749016851777,0.9472223902352604,True
evaluation,per_trace,evaluation_challenging,standard_minus_static,startup_delay_s,lower,5,0.9223057644110273,0.23537557657892516,0.29221052631578937,0.6300952380952379,1.2145162907268165,True
evaluation,per_trace,evaluation_challenging,standard_minus_static,rebuffering_s,lower,5,-9.477780975063585,1.8178725079148077,2.256824985980096,-11.73460596104368,-7.220955989083489,True
evaluation,per_trace,evaluation_challenging,standard_minus_static,rebuffering_rate_percent,lower,5,-15.796301625105972,3.029787513191348,3.761374976633496,-19.557676601739466,-12.034926648472476,True
evaluation,per_trace,evaluation_challenging,standard_minus_static,average_bitrate_kbps,higher,5,350.00000000000006,159.4260539142416,197.92185663370614,152.07814336629392,547.9218566337062,True
evaluation,per_trace,evaluation_challenging,standard_minus_static,buffer_mean_s,descriptive,5,-3.513508258649563,0.327200571452928,0.406208038169275,-3.919716296818838,-3.1073002204802878,True
evaluation,per_trace,evaluation_challenging,standard_minus_static,buffer_std_s,lower,5,-1.6889269689813406,0.0804848882652745,0.09991916707032357,-1.7888461360516643,-1.589007801911017,True
evaluation,per_trace,evaluation_challenging,robust_minus_static,startup_delay_s,lower,5,0.6641604010025062,0.3456920858178877,0.42916460496136516,0.23499579604114101,1.0933250059638713,True
evaluation,per_trace,evaluation_challenging,robust_minus_static,rebuffering_s,lower,5,-19.14746008822096,0.004275964142547928,0.005308459572407683,-19.152768547793368,-19.142151628648552,True
evaluation,per_trace,evaluation_challenging,robust_minus_static,rebuffering_rate_percent,lower,5,-31.912433480368264,0.007126606904245249,0.00884743262067786,-31.92128091298894,-31.903586047747588,True
evaluation,per_trace,evaluation_challenging,robust_minus_static,average_bitrate_kbps,higher,5,-113.33333333333334,34.15650255319873,42.40410043065812,-155.73743376399148,-70.92923290267522,True
evaluation,per_trace,evaluation_challenging,robust_minus_static,buffer_mean_s,descriptive,5,-0.8339857746922972,0.7485966529104862,0.929356499619075,-1.763342274311372,0.09537072492677778,False
evaluation,per_trace,evaluation_challenging,robust_minus_static,buffer_std_s,lower,5,-0.9948940575105605,0.13640607734309673,0.16934336277550494,-1.1642374202860655,-0.8255506947350555,True
evaluation,per_trace,evaluation_challenging,robust_minus_standard,startup_delay_s,lower,5,-0.25814536340852123,0.5201331576073357,0.6457270798772483,-0.9038724432857695,0.3875817164687271,False
evaluation,per_trace,evaluation_challenging,robust_minus_standard,rebuffering_s,lower,5,-9.669679113157375,1.8177271569623124,2.256644537868417,-11.926323651025793,-7.413034575288958,True
evaluation,per_trace,evaluation_challenging,robust_minus_standard,rebuffering_rate_percent,lower,5,-16.11613185526229,3.029545261603855,3.7610742297806965,-19.877206085042985,-12.355057625481592,True
evaluation,per_trace,evaluation_challenging,robust_minus_standard,average_bitrate_kbps,higher,5,-463.33333333333337,172.1594867815564,213.7299671184283,-677.0633004517617,-249.60336621490507,True
evaluation,per_trace,evaluation_challenging,robust_minus_standard,buffer_mean_s,descriptive,5,2.6795224839572658,0.5104384018293103,0.6336913804662268,2.045831103491039,3.3132138644234925,True
evaluation,per_trace,evaluation_challenging,robust_minus_standard,buffer_std_s,lower,5,0.6940329114707801,0.1402393193594247,0.1741021983495578,0.5199307131212223,0.8681351098203378,True
evaluation,overall_per_seed,all_evaluation_traces,standard_minus_static,startup_delay_s,lower,5,0.8104818497857547,0.20468816941742557,0.25411318619128465,0.55636866359447,1.0645950359770393,True
evaluation,overall_per_seed,all_evaluation_traces,standard_minus_static,rebuffering_s,lower,5,3.1330644372370666,6.631555877182705,8.232844126520263,-5.099779689283196,11.36590856375733,False
evaluation,overall_per_seed,all_evaluation_traces,standard_minus_static,rebuffering_rate_percent,lower,5,5.221774062061778,11.052593128637843,13.721406877533774,-8.499632815471996,18.94318093959555,False
evaluation,overall_per_seed,all_evaluation_traces,standard_minus_static,average_bitrate_kbps,higher,5,386.66666666666674,241.9251491221568,300.3415910074542,86.32507565921253,687.008257674121,True
evaluation,overall_per_seed,all_evaluation_traces,standard_minus_static,buffer_mean_s,descriptive,5,-2.053834272308584,0.7417553238997858,0.9208632295017064,-2.97469750181029,-1.1329710428068775,True
evaluation,overall_per_seed,all_evaluation_traces,standard_minus_static,buffer_std_s,lower,5,-1.2296179968041772,0.4837280174203385,0.6005313746589737,-1.830149371463151,-0.6290866221452035,True
evaluation,overall_per_seed,all_evaluation_traces,robust_minus_static,startup_delay_s,lower,5,0.5843079472875738,0.30307823142403173,0.37626099872591695,0.2080469485616569,0.9605689460134907,True
evaluation,overall_per_seed,all_evaluation_traces,robust_minus_static,rebuffering_s,lower,5,-13.878179534577736,3.4412301329660613,4.272166564361384,-18.15034609893912,-9.606012970216351,True
evaluation,overall_per_seed,all_evaluation_traces,robust_minus_static,rebuffering_rate_percent,lower,5,-23.130299224296227,5.735383554943434,7.120277607268972,-30.250576831565198,-16.010021617027256,True
evaluation,overall_per_seed,all_evaluation_traces,robust_minus_static,average_bitrate_kbps,higher,5,-128.8888888888889,162.6554337348027,201.93101846245403,-330.819907351343,73.04212957356512,False
evaluation,overall_per_seed,all_evaluation_traces,robust_minus_static,buffer_mean_s,descriptive,5,0.5719527487938048,1.0683977813433927,1.326378388695268,-0.7544256399014633,1.8983311374890728,False
evaluation,overall_per_seed,all_evaluation_traces,robust_minus_static,buffer_std_s,lower,5,-0.527709208856148,0.45770721783330515,0.5682274642320773,-1.0959366730882252,0.040518255375929235,False
evaluation,overall_per_seed,all_evaluation_traces,robust_minus_standard,startup_delay_s,lower,5,-0.2261739024981809,0.454380682250593,0.5640976869307922,-0.7902715894289731,0.3379237844326113,False
evaluation,overall_per_seed,all_evaluation_traces,robust_minus_standard,rebuffering_s,lower,5,-17.011243971814803,4.910804700750183,6.096591868609141,-23.107835840423945,-10.914652103205661,True
evaluation,overall_per_seed,all_evaluation_traces,robust_minus_standard,rebuffering_rate_percent,lower,5,-28.352073286358006,8.184674501250305,10.160986447681902,-38.513059734039906,-18.191086838676107,True
evaluation,overall_per_seed,all_evaluation_traces,robust_minus_standard,average_bitrate_kbps,higher,5,-515.5555555555557,305.6161556068351,379.41174262205715,-894.9672981776127,-136.1438129334985,True
evaluation,overall_per_seed,all_evaluation_traces,robust_minus_standard,buffer_mean_s,descriptive,5,2.625787021102389,1.3879021565825973,1.723031869085318,0.9027551520170711,4.348818890187707,True
evaluation,overall_per_seed,all_evaluation_traces,robust_minus_standard,buffer_std_s,lower,5,0.7019087879480292,0.8163262837102219,1.0134404617311277,-0.31153167378309843,1.715349249679157,False
validation,per_trace,validation_bursty,standard_minus_static,startup_delay_s,lower,5,0.9968203497615263,0.24173707864862604,0.30010810810810823,0.6967122416534182,1.2969284578696345,True
validation,per_trace,validation_bursty,standard_minus_static,rebuffering_s,lower,5,26.59420030586449,21.48485696768951,26.672696690103948,-0.07849638423945748,53.26689699596844,False
validation,per_trace,validation_bursty,standard_minus_static,rebuffering_rate_percent,lower,5,44.323667176440814,35.80809494614918,44.454494483506586,-0.13082730706577195,88.7781616599474,False
validation,per_trace,validation_bursty,standard_minus_static,average_bitrate_kbps,higher,5,836.6666666666666,456.95246531292014,567.2904654388065,269.3762012278602,1403.9571321054732,True
validation,per_trace,validation_bursty,standard_minus_static,buffer_mean_s,descriptive,5,-2.9962934467098554,0.7788769753495118,0.9669484583325678,-3.9632419050424232,-2.0293449883772876,True
validation,per_trace,validation_bursty,standard_minus_static,buffer_std_s,lower,5,-1.4608165538310491,0.5432056988380579,0.6743708309174561,-2.1351873847485052,-0.786445722913593,True
validation,per_trace,validation_bursty,robust_minus_static,startup_delay_s,lower,5,0.6677265500794913,0.4608436578898489,0.5721212446021626,0.0956053054773287,1.239847794681654,True
validation,per_trace,validation_bursty,robust_minus_static,rebuffering_s,lower,5,-9.238623021305056,9.205456627089411,11.428251669420728,-20.666874690725784,2.189628648115672,False
validation,per_trace,validation_bursty,robust_minus_static,rebuffering_rate_percent,lower,5,-15.397705035508427,15.342427711815683,19.04708611570121,-34.444791151209635,3.649381080192782,False
validation,per_trace,validation_bursty,robust_minus_static,average_bitrate_kbps,higher,5,190.0,147.47881203752627,183.08977470082812,6.910225299171884,373.0897747008281,True
validation,per_trace,validation_bursty,robust_minus_static,buffer_mean_s,descriptive,5,-1.5136985689152787,1.1103770178961998,1.3784941391300527,-2.8921927080453314,-0.13520442978522595,True
validation,per_trace,validation_bursty,robust_minus_static,buffer_std_s,lower,5,-1.1832142867655957,0.25995668663081983,0.32272711265873116,-1.505941399424327,-0.8604871741068645,True
validation,per_trace,validation_bursty,robust_minus_standard,startup_delay_s,lower,5,-0.32909379968203506,0.49283296562634477,0.6118348486473334,-0.9409286483293684,0.28274104896529834,False
validation,per_trace,validation_bursty,robust_minus_standard,rebuffering_s,lower,5,-35.83282332716955,19.86957899525289,24.66738571718006,-60.50020904434961,-11.165437609989489,True
validation,per_trace,validation_bursty,robust_minus_standard,rebuffering_rate_percent,lower,5,-59.721372211949245,33.11596499208815,41.11230952863343,-100.83368174058268,-18.609062683315813,True
validation,per_trace,validation_bursty,robust_minus_standard,average_bitrate_kbps,higher,5,-646.6666666666666,398.50414747597733,494.7289279775114,-1141.395594644178,-151.93773868915525,True
validation,per_trace,validation_bursty,robust_minus_standard,buffer_mean_s,descriptive,5,1.4825948777945768,0.9538298162479012,1.1841462766551436,0.29844860113943317,2.6667411544497206,True
validation,per_trace,validation_bursty,robust_minus_standard,buffer_std_s,lower,5,0.2776022670654534,0.6087005007614487,0.7556803313301508,-0.4780780642646974,1.0332825983956042,False
validation,per_trace,validation_mixed,standard_minus_static,startup_delay_s,lower,5,1.195852534562212,0.28852490032255346,0.35819354838709666,0.8376589861751154,1.5540460829493086,True
validation,per_trace,validation_mixed,standard_minus_static,rebuffering_s,lower,5,-9.31584559944827,0.4473697176702253,0.5553938202009165,-9.871239419649186,-8.760451779247354,True
validation,per_trace,validation_mixed,standard_minus_static,rebuffering_rate_percent,lower,5,-15.526409332413786,0.7456161961170411,0.9256563670015263,-16.452065699415314,-14.60075296541226,True
validation,per_trace,validation_mixed,standard_minus_static,average_bitrate_kbps,higher,5,383.33333333333337,60.092521257733125,74.60275836425588,308.7305749690775,457.93609169758923,True
validation,per_trace,validation_mixed,standard_minus_static,buffer_mean_s,descriptive,5,-1.4702913376357043,0.355128087129234,0.44087906977364966,-1.911170407409354,-1.0294122678620545,True
validation,per_trace,validation_mixed,standard_minus_static,buffer_std_s,lower,5,-1.3169569096682647,0.17180723087620012,0.21329265376163026,-1.530249563429895,-1.1036642559066345,True
validation,per_trace,validation_mixed,robust_minus_static,startup_delay_s,lower,5,0.8018433179723502,0.552250842858531,0.6856000601061449,0.11624325786620526,1.487443378078495,True
validation,per_trace,validation_mixed,robust_minus_static,rebuffering_s,lower,5,-12.821944331012997,1.8605326289595574,2.309786030640572,-15.131730361653569,-10.512158300372425,True
validation,per_trace,validation_mixed,robust_minus_static,rebuffering_rate_percent,lower,5,-21.369907218354996,3.1008877149325964,3.849643384400954,-25.21955060275595,-17.52026383395404,True
validation,per_trace,validation_mixed,robust_minus_static,average_bitrate_kbps,higher,5,123.33333333333334,118.7901978747031,147.47386600871206,-24.140532675378722,270.8071993420454,False
validation,per_trace,validation_mixed,robust_minus_static,buffer_mean_s,descriptive,5,1.377358736291036,1.1567621473103902,1.436079651086522,-0.05872091479548591,2.813438387377558,False
validation,per_trace,validation_mixed,robust_minus_static,buffer_std_s,lower,5,-0.7752844488464824,0.3842599439695701,0.47704524871030074,-1.252329697556783,-0.29823920013618166,True
validation,per_trace,validation_mixed,robust_minus_standard,startup_delay_s,lower,5,-0.3940092165898617,0.5906218101449273,0.7332362707486034,-1.1272454873384652,0.3392270541587417,False
validation,per_trace,validation_mixed,robust_minus_standard,rebuffering_s,lower,5,-3.5060987315647267,1.6505878770556053,2.049146981582223,-5.55524571314695,-1.4569517499825038,True
validation,per_trace,validation_mixed,robust_minus_standard,rebuffering_rate_percent,lower,5,-5.843497885941211,2.7509797950926753,3.4152449693037044,-9.258742855244915,-2.428252916637507,True
validation,per_trace,validation_mixed,robust_minus_standard,average_bitrate_kbps,higher,5,-260.0,145.58311867948302,180.73633785772634,-440.7363378577263,-79.26366214227366,True
validation,per_trace,validation_mixed,robust_minus_standard,buffer_mean_s,descriptive,5,2.8476500739267405,1.0219419462630588,1.2687050981331438,1.5789449757935967,4.116355172059884,True
validation,per_trace,validation_mixed,robust_minus_standard,buffer_std_s,lower,5,0.5416724608217823,0.48161951658066393,0.5979137447882211,-0.05624128396643879,1.1395862056100035,False
validation,overall_per_seed,all_validation_traces,standard_minus_static,startup_delay_s,lower,5,1.0963364421618693,0.2651309894855897,0.32915082824760244,0.7671856139142669,1.4254872704094717,True
validation,overall_per_seed,all_validation_traces,standard_minus_static,rebuffering_s,lower,5,8.639177353208108,10.687228140357025,13.267819053874845,-4.628641700666737,21.906996407082953,False
validation,overall_per_seed,all_validation_traces,standard_minus_static,rebuffering_rate_percent,lower,5,14.398628922013511,17.81204690059504,22.113031756458074,-7.714402834444563,36.511660678471586,False
validation,overall_per_seed,all_validation_traces,standard_minus_static,average_bitrate_kbps,higher,5,610.0,237.8579174399895,295.2922654666803,314.7077345333197,905.2922654666803,True
validation,overall_per_seed,all_validation_traces,standard_minus_static,buffer_mean_s,descriptive,5,-2.2332923921727796,0.43740825360139707,0.5430270117973603,-2.77631940397014,-1.6902653803754193,True
validation,overall_per_seed,all_validation_traces,standard_minus_static,buffer_std_s,lower,5,-1.388886731749657,0.2611236094950001,0.3241758064835881,-1.713062538233245,-1.064710925266069,True
validation,overall_per_seed,all_validation_traces,robust_minus_static,startup_delay_s,lower,5,0.7347849340259207,0.5065467234168496,0.6288599981550903,0.1059249358708304,1.363644932181011,True
validation,overall_per_seed,all_validation_traces,robust_minus_static,rebuffering_s,lower,5,-11.030283676159026,5.06947701555953,6.293577984569378,-17.323861660728404,-4.736705691589648,True
validation,overall_per_seed,all_validation_traces,robust_minus_static,rebuffering_rate_percent,lower,5,-18.38380612693171,8.449128359265883,10.489296640948965,-28.873102767880674,-7.894509485982745,True
validation,overall_per_seed,all_validation_traces,robust_minus_static,average_bitrate_kbps,higher,5,156.66666666666669,125.6096245427785,155.93994513558383,0.726721531082859,312.60661180225054,True
validation,overall_per_seed,all_validation_traces,robust_minus_static,buffer_mean_s,descriptive,5,-0.06816991631212126,0.6734124987560155,0.8360180081094492,-0.9041879244215704,0.7678480917973279,False
validation,overall_per_seed,all_validation_traces,robust_minus_static,buffer_std_s,lower,5,-0.979249367806039,0.2452444482366407,0.3044623844871365,-1.2837117522931756,-0.6747869833189025,True
validation,overall_per_seed,all_validation_traces,robust_minus_standard,startup_delay_s,lower,5,-0.3615515081359484,0.5417270647713364,0.6725351585628935,-1.0340866666988417,0.3109836504269451,False
validation,overall_per_seed,all_validation_traces,robust_minus_standard,rebuffering_s,lower,5,-19.669461029367135,10.627345252458161,13.193476547976111,-32.862937577343246,-6.4759844813910235,True
validation,overall_per_seed,all_validation_traces,robust_minus_standard,rebuffering_rate_percent,lower,5,-32.78243504894523,17.71224208743027,21.98912757996019,-54.77156262890542,-10.793307468985041,True
validation,overall_per_seed,all_validation_traces,robust_minus_standard,average_bitrate_kbps,higher,5,-453.3333333333333,197.60721421828478,245.32242856199574,-698.6557618953291,-208.01090477133758,True
validation,overall_per_seed,all_validation_traces,robust_minus_standard,buffer_mean_s,descriptive,5,2.1651224758606586,0.6249426567331972,0.7758443985370826,1.389278077323576,2.9409668743977413,True
validation,overall_per_seed,all_validation_traces,robust_minus_standard,buffer_std_s,lower,5,0.4096373639436178,0.3943406428539398,0.4895600829571111,-0.07992271901349329,0.8991974469007289,False
